latitude,longitude,elevation,utc_offset_seconds,timezone,timezone_abbreviation
22.530754,88.3195,11.0,19800,Asia/Kolkata,GMT+5:30

time,relative_humidity_2m (%),rain (mm),surface_pressure (hPa)
2024-06-01T00:00,92,0.00,1002.0
2024-06-01T01:00,92,0.00,1001.7
2024-06-01T02:00,92,0.00,1001.4
2024-06-01T03:00,93,0.00,1001.2
2024-06-01T04:00,94,0.00,1001.4
2024-06-01T05:00,93,0.00,1001.7
2024-06-01T06:00,86,0.10,1002.1
2024-06-01T07:00,83,0.10,1003.1
2024-06-01T08:00,80,0.10,1003.6
2024-06-01T09:00,75,0.10,1003.8
2024-06-01T10:00,73,0.10,1003.2
2024-06-01T11:00,70,0.00,1002.9
2024-06-01T12:00,69,0.00,1002.4
2024-06-01T13:00,69,0.00,1001.4
2024-06-01T14:00,71,0.00,1000.7
2024-06-01T15:00,73,0.00,1000.3
2024-06-01T16:00,74,0.00,1000.2
2024-06-01T17:00,78,0.00,1000.4
2024-06-01T18:00,88,0.00,1001.1
2024-06-01T19:00,89,0.00,1002.7
2024-06-01T20:00,91,0.00,1004.0
2024-06-01T21:00,92,0.00,1004.0
2024-06-01T22:00,91,0.00,1003.3
2024-06-01T23:00,90,0.00,1002.6
2024-06-02T00:00,89,0.00,1002.3
2024-06-02T01:00,89,0.00,1002.2
2024-06-02T02:00,89,0.00,1001.9
2024-06-02T03:00,90,0.00,1001.7
2024-06-02T04:00,91,0.00,1002.0
2024-06-02T05:00,90,0.00,1002.6
2024-06-02T06:00,85,0.00,1003.3
2024-06-02T07:00,82,0.00,1004.0
2024-06-02T08:00,78,0.30,1004.5
2024-06-02T09:00,74,0.30,1004.7
2024-06-02T10:00,75,6.00,1004.4
2024-06-02T11:00,75,0.60,1003.7
2024-06-02T12:00,72,0.40,1003.3
2024-06-02T13:00,71,0.00,1002.0
2024-06-02T14:00,69,0.00,1001.2
2024-06-02T15:00,71,0.00,1000.2
2024-06-02T16:00,74,0.00,1000.0
2024-06-02T17:00,78,0.00,1000.8
2024-06-02T18:00,77,0.00,1002.0
2024-06-02T19:00,81,0.00,1002.6
2024-06-02T20:00,83,0.00,1003.6
2024-06-02T21:00,86,0.00,1004.5
2024-06-02T22:00,84,0.00,1004.6
2024-06-02T23:00,86,0.00,1003.7
2024-06-03T00:00,88,0.00,1002.8
2024-06-03T01:00,87,0.00,1002.0
2024-06-03T02:00,89,0.00,1001.4
2024-06-03T03:00,90,0.00,1001.5
2024-06-03T04:00,91,0.00,1001.8
2024-06-03T05:00,90,0.00,1002.6
2024-06-03T06:00,84,0.00,1003.0
2024-06-03T07:00,78,0.00,1003.8
2024-06-03T08:00,75,0.10,1003.9
2024-06-03T09:00,71,0.00,1003.8
2024-06-03T10:00,68,0.00,1003.5
2024-06-03T11:00,65,0.00,1002.9
2024-06-03T12:00,64,0.00,1001.9
2024-06-03T13:00,63,0.00,1000.7
2024-06-03T14:00,67,0.00,999.8
2024-06-03T15:00,68,0.00,999.3
2024-06-03T16:00,72,0.00,999.5
2024-06-03T17:00,77,0.00,1000.3
2024-06-03T18:00,74,0.00,1001.1
2024-06-03T19:00,81,0.00,1002.3
2024-06-03T20:00,82,0.00,1002.9
2024-06-03T21:00,84,0.00,1003.4
2024-06-03T22:00,85,0.00,1003.4
2024-06-03T23:00,86,0.00,1002.6
2024-06-04T00:00,87,0.00,1001.9
2024-06-04T01:00,88,0.00,1001.6
2024-06-04T02:00,89,0.00,1001.4
2024-06-04T03:00,89,0.00,1001.4
2024-06-04T04:00,89,0.00,1001.7
2024-06-04T05:00,88,0.00,1002.2
2024-06-04T06:00,83,0.00,1003.1
2024-06-04T07:00,80,0.00,1003.7
2024-06-04T08:00,76,0.00,1003.7
2024-06-04T09:00,72,0.00,1003.6
2024-06-04T10:00,68,0.00,1003.2
2024-06-04T11:00,66,0.00,1002.6
2024-06-04T12:00,66,0.00,1002.0
2024-06-04T13:00,65,0.00,1000.7
2024-06-04T14:00,65,0.00,1000.0
2024-06-04T15:00,66,0.00,999.4
2024-06-04T16:00,69,0.00,999.4
2024-06-04T17:00,76,0.00,1001.1
2024-06-04T18:00,76,0.00,1001.3
2024-06-04T19:00,81,0.00,1002.2
2024-06-04T20:00,84,0.00,1003.3
2024-06-04T21:00,86,0.00,1003.5
2024-06-04T22:00,87,0.00,1003.0
2024-06-04T23:00,89,0.00,1002.6
2024-06-05T00:00,90,0.00,1002.1
2024-06-05T01:00,92,0.00,1001.6
2024-06-05T02:00,95,0.00,1001.1
2024-06-05T03:00,96,0.00,1001.2
2024-06-05T04:00,97,0.00,1001.5
2024-06-05T05:00,96,0.00,1002.0
2024-06-05T06:00,88,0.00,1003.0
2024-06-05T07:00,83,0.00,1003.9
2024-06-05T08:00,76,0.00,1004.5
2024-06-05T09:00,69,0.00,1004.3
2024-06-05T10:00,66,0.00,1004.2
2024-06-05T11:00,62,0.00,1003.9
2024-06-05T12:00,59,0.00,1002.6
2024-06-05T13:00,58,0.00,1001.6
2024-06-05T14:00,58,0.00,1000.6
2024-06-05T15:00,65,0.00,999.9
2024-06-05T16:00,71,0.00,999.9
2024-06-05T17:00,76,0.00,1000.1
2024-06-05T18:00,79,0.00,1001.3
2024-06-05T19:00,84,0.00,1002.4
2024-06-05T20:00,85,0.00,1002.9
2024-06-05T21:00,85,0.00,1003.7
2024-06-05T22:00,89,0.00,1003.5
2024-06-05T23:00,91,0.00,1003.1
2024-06-06T00:00,93,0.00,1002.7
2024-06-06T01:00,95,0.00,1002.4
2024-06-06T02:00,95,0.00,1002.2
2024-06-06T03:00,96,0.00,1002.2
2024-06-06T04:00,97,0.00,1002.3
2024-06-06T05:00,96,0.00,1003.0
2024-06-06T06:00,91,0.00,1003.7
2024-06-06T07:00,86,0.00,1003.9
2024-06-06T08:00,81,0.00,1004.2
2024-06-06T09:00,75,0.00,1004.1
2024-06-06T10:00,69,0.00,1004.0
2024-06-06T11:00,65,0.00,1003.2
2024-06-06T12:00,64,0.00,1001.8
2024-06-06T13:00,62,0.00,1000.4
2024-06-06T14:00,62,0.00,999.3
2024-06-06T15:00,64,0.00,998.8
2024-06-06T16:00,69,0.00,998.5
2024-06-06T17:00,73,0.00,999.3
2024-06-06T18:00,90,6.20,1002.5
2024-06-06T19:00,93,0.30,1002.4
2024-06-06T20:00,95,0.80,1001.8
2024-06-06T21:00,91,0.20,1002.2
2024-06-06T22:00,92,0.00,1002.7
2024-06-06T23:00,94,0.00,1002.3
2024-06-07T00:00,97,0.00,1001.6
2024-06-07T01:00,97,0.00,1001.5
2024-06-07T02:00,97,0.00,1001.2
2024-06-07T03:00,95,0.00,1001.0
2024-06-07T04:00,96,0.00,1001.2
2024-06-07T05:00,96,0.00,1002.0
2024-06-07T06:00,89,0.00,1002.7
2024-06-07T07:00,80,0.00,1003.1
2024-06-07T08:00,77,0.00,1003.1
2024-06-07T09:00,73,0.00,1002.9
2024-06-07T10:00,69,0.00,1002.5
2024-06-07T11:00,65,0.00,1001.9
2024-06-07T12:00,61,0.00,1000.7
2024-06-07T13:00,57,0.00,999.5
2024-06-07T14:00,56,0.00,998.4
2024-06-07T15:00,60,0.00,997.8
2024-06-07T16:00,68,0.00,997.6
2024-06-07T17:00,73,0.00,997.8
2024-06-07T18:00,82,0.00,999.4
2024-06-07T19:00,82,0.00,999.8
2024-06-07T20:00,83,0.00,1000.3
2024-06-07T21:00,81,0.00,1000.6
2024-06-07T22:00,83,0.00,1000.9
2024-06-07T23:00,82,0.00,1000.7
2024-06-08T00:00,81,0.00,1000.5
2024-06-08T01:00,81,0.00,1000.0
2024-06-08T02:00,82,0.00,1000.1
2024-06-08T03:00,83,0.00,1000.2
2024-06-08T04:00,84,0.00,1000.4
2024-06-08T05:00,85,0.00,1000.8
2024-06-08T06:00,84,0.00,1001.5
2024-06-08T07:00,81,0.00,1001.5
2024-06-08T08:00,78,0.00,1001.3
2024-06-08T09:00,75,0.00,1001.2
2024-06-08T10:00,71,0.00,1001.2
2024-06-08T11:00,68,0.00,1000.7
2024-06-08T12:00,68,0.00,999.8
2024-06-08T13:00,65,0.00,998.8
2024-06-08T14:00,65,0.00,997.8
2024-06-08T15:00,67,0.00,997.3
2024-06-08T16:00,71,0.00,997.0
2024-06-08T17:00,77,0.00,997.1
2024-06-08T18:00,78,0.00,998.0
2024-06-08T19:00,80,0.00,998.5
2024-06-08T20:00,82,0.00,999.3
2024-06-08T21:00,85,0.00,999.8
2024-06-08T22:00,86,0.00,999.6
2024-06-08T23:00,87,0.00,999.3
2024-06-09T00:00,87,0.00,998.9
2024-06-09T01:00,88,0.00,998.9
2024-06-09T02:00,88,0.00,998.7
2024-06-09T03:00,88,0.00,998.6
2024-06-09T04:00,87,0.00,998.7
2024-06-09T05:00,88,0.00,999.2
2024-06-09T06:00,84,0.00,999.9
2024-06-09T07:00,81,0.00,1000.3
2024-06-09T08:00,79,0.00,1000.2
2024-06-09T09:00,74,0.00,1000.0
2024-06-09T10:00,69,0.00,999.8
2024-06-09T11:00,66,0.00,999.3
2024-06-09T12:00,65,0.00,998.9
2024-06-09T13:00,66,0.00,998.0
2024-06-09T14:00,67,0.00,997.3
2024-06-09T15:00,66,0.00,996.9
2024-06-09T16:00,69,0.00,996.8
2024-06-09T17:00,73,0.00,996.9
2024-06-09T18:00,78,0.10,997.5
2024-06-09T19:00,81,0.00,998.8
2024-06-09T20:00,85,0.00,999.4
2024-06-09T21:00,87,0.00,999.9
2024-06-09T22:00,88,0.00,1000.3
2024-06-09T23:00,87,0.00,1000.2
2024-06-10T00:00,86,0.00,1000.0
2024-06-10T01:00,89,0.00,999.5
2024-06-10T02:00,88,0.00,999.4
2024-06-10T03:00,86,0.00,999.3
2024-06-10T04:00,85,0.00,999.5
2024-06-10T05:00,82,0.00,999.9
2024-06-10T06:00,81,0.00,1000.3
2024-06-10T07:00,77,0.00,1000.6
2024-06-10T08:00,73,0.00,1000.4
2024-06-10T09:00,70,0.00,1000.5
2024-06-10T10:00,67,0.00,1000.2
2024-06-10T11:00,65,0.00,999.6
2024-06-10T12:00,63,0.00,998.6
2024-06-10T13:00,60,0.00,997.8
2024-06-10T14:00,60,0.00,996.7
2024-06-10T15:00,62,0.00,996.7
2024-06-10T16:00,67,0.00,996.7
2024-06-10T17:00,74,0.00,997.7
2024-06-10T18:00,73,0.00,998.2
2024-06-10T19:00,75,0.00,999.1
2024-06-10T20:00,80,0.00,1000.2
2024-06-10T21:00,83,0.00,1000.9
2024-06-10T22:00,85,0.00,1001.0
2024-06-10T23:00,83,0.00,1000.6
2024-06-11T00:00,83,0.00,999.8
2024-06-11T01:00,87,0.00,999.0
2024-06-11T02:00,88,0.00,998.8
2024-06-11T03:00,87,0.00,998.8
2024-06-11T04:00,85,0.00,998.8
2024-06-11T05:00,84,0.00,999.2
2024-06-11T06:00,85,0.00,999.9
2024-06-11T07:00,82,0.00,1000.3
2024-06-11T08:00,78,0.00,1000.4
2024-06-11T09:00,73,0.00,999.9
2024-06-11T10:00,69,0.00,999.6
2024-06-11T11:00,66,0.00,999.0
2024-06-11T12:00,63,0.00,998.3
2024-06-11T13:00,61,0.00,997.4
2024-06-11T14:00,63,0.00,996.8
2024-06-11T15:00,65,0.00,996.9
2024-06-11T16:00,68,0.00,996.9
2024-06-11T17:00,72,0.00,997.1
2024-06-11T18:00,73,0.00,998.5
2024-06-11T19:00,75,0.00,999.7
2024-06-11T20:00,78,0.00,1000.8
2024-06-11T21:00,81,0.00,1000.9
2024-06-11T22:00,83,0.00,1001.1
2024-06-11T23:00,85,0.00,1000.6
2024-06-12T00:00,86,0.00,1000.1
2024-06-12T01:00,86,0.00,999.7
2024-06-12T02:00,85,0.00,999.5
2024-06-12T03:00,85,0.00,999.5
2024-06-12T04:00,86,0.00,999.4
2024-06-12T05:00,86,0.00,1000.1
2024-06-12T06:00,83,0.00,1000.8
2024-06-12T07:00,78,0.00,1001.2
2024-06-12T08:00,73,0.00,1001.3
2024-06-12T09:00,70,0.00,1001.2
2024-06-12T10:00,68,0.00,1000.9
2024-06-12T11:00,67,0.00,1000.5
2024-06-12T12:00,66,0.00,999.7
2024-06-12T13:00,63,0.00,998.9
2024-06-12T14:00,61,0.00,998.0
2024-06-12T15:00,63,0.00,997.1
2024-06-12T16:00,64,0.00,997.1
2024-06-12T17:00,69,0.00,997.7
2024-06-12T18:00,75,0.00,998.7
2024-06-12T19:00,78,0.00,999.5
2024-06-12T20:00,81,0.00,1000.0
2024-06-12T21:00,82,0.00,1000.7
2024-06-12T22:00,83,0.00,1000.9
2024-06-12T23:00,84,0.00,1000.4
2024-06-13T00:00,85,0.00,1000.1
2024-06-13T01:00,86,0.00,999.5
2024-06-13T02:00,87,0.00,999.1
2024-06-13T03:00,86,0.00,998.8
2024-06-13T04:00,84,0.00,998.8
2024-06-13T05:00,85,0.00,999.6
2024-06-13T06:00,81,0.00,999.7
2024-06-13T07:00,75,0.00,1000.0
2024-06-13T08:00,72,0.00,1000.2
2024-06-13T09:00,67,0.00,1000.3
2024-06-13T10:00,64,0.00,999.9
2024-06-13T11:00,63,0.00,999.4
2024-06-13T12:00,62,0.00,998.4
2024-06-13T13:00,62,0.00,997.1
2024-06-13T14:00,63,0.00,996.4
2024-06-13T15:00,66,0.00,996.0
2024-06-13T16:00,70,0.00,995.8
2024-06-13T17:00,71,0.00,995.9
2024-06-13T18:00,74,0.00,997.4
2024-06-13T19:00,74,0.00,998.4
2024-06-13T20:00,78,0.00,999.0
2024-06-13T21:00,80,0.00,999.9
2024-06-13T22:00,84,0.20,999.5
2024-06-13T23:00,88,0.20,999.3
2024-06-14T00:00,91,0.10,998.3
2024-06-14T01:00,92,0.00,997.6
2024-06-14T02:00,92,0.00,997.3
2024-06-14T03:00,92,0.00,997.2
2024-06-14T04:00,91,0.00,997.4
2024-06-14T05:00,90,0.00,998.0
2024-06-14T06:00,85,0.00,998.4
2024-06-14T07:00,80,0.00,998.6
2024-06-14T08:00,75,0.00,998.9
2024-06-14T09:00,72,0.00,998.7
2024-06-14T10:00,66,0.00,998.6
2024-06-14T11:00,61,0.00,997.9
2024-06-14T12:00,61,0.00,996.8
2024-06-14T13:00,59,0.00,996.1
2024-06-14T14:00,57,0.00,995.5
2024-06-14T15:00,58,0.00,995.0
2024-06-14T16:00,60,0.00,994.7
2024-06-14T17:00,62,0.00,995.0
2024-06-14T18:00,73,0.00,996.9
2024-06-14T19:00,75,0.00,998.0
2024-06-14T20:00,77,0.00,998.9
2024-06-14T21:00,81,0.00,999.4
2024-06-14T22:00,80,0.00,999.7
2024-06-14T23:00,78,0.00,999.1
2024-06-15T00:00,78,0.00,998.2
2024-06-15T01:00,80,0.00,997.9
2024-06-15T02:00,80,0.00,997.7
2024-06-15T03:00,80,0.00,997.4
2024-06-15T04:00,83,0.00,997.8
2024-06-15T05:00,84,0.00,998.2
2024-06-15T06:00,84,1.40,999.0
2024-06-15T07:00,86,9.90,1000.3
2024-06-15T08:00,87,0.10,999.0
2024-06-15T09:00,82,0.00,998.4
2024-06-15T10:00,73,0.00,998.2
2024-06-15T11:00,65,0.00,997.9
2024-06-15T12:00,61,0.00,997.1
2024-06-15T13:00,61,0.00,996.0
2024-06-15T14:00,61,0.00,995.3
2024-06-15T15:00,64,0.00,995.3
2024-06-15T16:00,66,0.00,995.4
2024-06-15T17:00,71,0.00,996.0
2024-06-15T18:00,74,0.00,997.5
2024-06-15T19:00,78,0.00,998.7
2024-06-15T20:00,81,0.00,999.6
2024-06-15T21:00,81,0.00,1000.2
2024-06-15T22:00,84,0.00,999.1
2024-06-15T23:00,85,0.00,999.0
2024-06-16T00:00,85,0.00,998.7
2024-06-16T01:00,86,0.00,998.8
2024-06-16T02:00,86,0.00,998.6
2024-06-16T03:00,87,0.00,998.8
2024-06-16T04:00,87,0.00,999.0
2024-06-16T05:00,87,0.00,999.7
2024-06-16T06:00,83,0.00,1001.1
2024-06-16T07:00,79,0.00,1001.4
2024-06-16T08:00,73,0.00,1001.2
2024-06-16T09:00,69,0.00,1001.2
2024-06-16T10:00,64,0.00,1001.0
2024-06-16T11:00,60,0.00,1000.4
2024-06-16T12:00,59,0.00,999.7
2024-06-16T13:00,58,0.00,998.7
2024-06-16T14:00,56,0.00,997.8
2024-06-16T15:00,55,0.00,997.0
2024-06-16T16:00,59,0.00,996.9
2024-06-16T17:00,63,0.00,997.5
2024-06-16T18:00,69,0.00,998.9
2024-06-16T19:00,72,0.00,999.6
2024-06-16T20:00,75,0.00,1000.1
2024-06-16T21:00,78,0.00,1000.7
2024-06-16T22:00,81,0.00,1001.0
2024-06-16T23:00,84,0.00,1000.7
2024-06-17T00:00,87,0.00,1000.6
2024-06-17T01:00,86,0.00,1000.7
2024-06-17T02:00,85,0.00,1000.2
2024-06-17T03:00,83,0.00,999.8
2024-06-17T04:00,83,0.00,1000.1
2024-06-17T05:00,84,0.00,1000.7
2024-06-17T06:00,81,0.00,1000.9
2024-06-17T07:00,75,0.00,1001.4
2024-06-17T08:00,70,0.00,1001.7
2024-06-17T09:00,64,0.00,1001.6
2024-06-17T10:00,61,0.00,1001.3
2024-06-17T11:00,58,0.00,1000.4
2024-06-17T12:00,55,0.00,999.3
2024-06-17T13:00,56,0.00,998.2
2024-06-17T14:00,57,0.00,997.6
2024-06-17T15:00,66,0.00,997.4
2024-06-17T16:00,69,0.00,997.3
2024-06-17T17:00,77,0.00,998.0
2024-06-17T18:00,76,0.00,998.0
2024-06-17T19:00,79,0.00,999.0
2024-06-17T20:00,81,0.00,999.7
2024-06-17T21:00,83,0.00,1000.4
2024-06-17T22:00,84,0.00,1000.8
2024-06-17T23:00,85,0.00,1000.1
2024-06-18T00:00,87,0.00,999.5
2024-06-18T01:00,86,0.00,999.2
2024-06-18T02:00,87,0.00,998.8
2024-06-18T03:00,86,0.00,998.3
2024-06-18T04:00,86,0.00,998.2
2024-06-18T05:00,85,0.00,998.8
2024-06-18T06:00,83,0.00,998.6
2024-06-18T07:00,91,12.80,1000.9
2024-06-18T08:00,91,6.90,999.7
2024-06-18T09:00,92,0.90,1000.3
2024-06-18T10:00,85,0.50,1000.5
2024-06-18T11:00,83,0.30,999.9
2024-06-18T12:00,80,0.00,998.7
2024-06-18T13:00,77,0.00,997.3
2024-06-18T14:00,78,0.00,997.0
2024-06-18T15:00,78,0.00,996.5
2024-06-18T16:00,79,0.00,995.9
2024-06-18T17:00,81,0.00,995.9
2024-06-18T18:00,80,0.00,996.6
2024-06-18T19:00,81,0.00,996.9
2024-06-18T20:00,80,0.00,997.6
2024-06-18T21:00,81,0.00,998.6
2024-06-18T22:00,82,0.00,998.6
2024-06-18T23:00,84,0.00,997.9
2024-06-19T00:00,85,0.00,997.6
2024-06-19T01:00,86,0.00,997.4
2024-06-19T02:00,86,0.00,996.9
2024-06-19T03:00,85,0.00,996.8
2024-06-19T04:00,84,0.00,997.3
2024-06-19T05:00,84,0.00,997.7
2024-06-19T06:00,80,0.40,997.0
2024-06-19T07:00,87,1.70,998.0
2024-06-19T08:00,88,0.50,998.7
2024-06-19T09:00,83,0.00,998.9
2024-06-19T10:00,74,0.00,998.6
2024-06-19T11:00,69,0.00,998.2
2024-06-19T12:00,65,0.00,997.7
2024-06-19T13:00,77,1.20,997.7
2024-06-19T14:00,80,0.70,996.7
2024-06-19T15:00,85,0.30,996.2
2024-06-19T16:00,87,0.10,996.4
2024-06-19T17:00,88,0.00,995.8
2024-06-19T18:00,77,0.90,996.6
2024-06-19T19:00,92,1.40,997.8
2024-06-19T20:00,92,0.80,997.8
2024-06-19T21:00,92,0.30,998.2
2024-06-19T22:00,89,0.00,998.2
2024-06-19T23:00,84,0.00,998.3
2024-06-20T00:00,83,0.00,998.0
2024-06-20T01:00,83,0.00,997.9
2024-06-20T02:00,80,0.00,997.4
2024-06-20T03:00,80,0.00,997.3
2024-06-20T04:00,85,0.00,997.3
2024-06-20T05:00,87,0.00,997.7
2024-06-20T06:00,87,0.00,998.8
2024-06-20T07:00,84,0.00,999.4
2024-06-20T08:00,80,0.00,999.2
2024-06-20T09:00,70,0.00,999.3
2024-06-20T10:00,65,0.00,998.3
2024-06-20T11:00,66,0.90,997.9
2024-06-20T12:00,83,15.50,998.7
2024-06-20T13:00,89,1.10,998.8
2024-06-20T14:00,91,0.70,998.1
2024-06-20T15:00,92,0.90,997.2
2024-06-20T16:00,90,0.30,996.8
2024-06-20T17:00,90,0.00,996.6
2024-06-20T18:00,93,2.00,997.9
2024-06-20T19:00,93,0.60,998.5
2024-06-20T20:00,94,0.40,999.1
2024-06-20T21:00,94,0.20,999.9
2024-06-20T22:00,94,0.20,1000.4
2024-06-20T23:00,94,0.10,1000.1
2024-06-21T00:00,94,0.30,999.9
2024-06-21T01:00,94,0.60,999.4
2024-06-21T02:00,95,0.30,998.7
2024-06-21T03:00,93,0.00,998.5
2024-06-21T04:00,93,0.00,998.8
2024-06-21T05:00,93,0.10,999.0
2024-06-21T06:00,95,0.00,1000.0
2024-06-21T07:00,91,0.00,1000.7
2024-06-21T08:00,88,0.10,1000.8
2024-06-21T09:00,87,0.00,1001.1
2024-06-21T10:00,86,0.00,1001.1
2024-06-21T11:00,79,0.00,1000.6
2024-06-21T12:00,76,0.00,999.9
2024-06-21T13:00,73,0.00,999.0
2024-06-21T14:00,69,0.00,998.0
2024-06-21T15:00,68,0.00,997.1
2024-06-21T16:00,68,0.00,997.1
2024-06-21T17:00,73,0.00,997.8
2024-06-21T18:00,86,0.30,998.8
2024-06-21T19:00,89,0.30,999.2
2024-06-21T20:00,91,0.00,999.7
2024-06-21T21:00,92,0.00,1000.3
2024-06-21T22:00,91,0.00,1000.8
2024-06-21T23:00,91,0.00,1000.6
2024-06-22T00:00,92,0.00,1000.1
2024-06-22T01:00,92,0.00,999.2
2024-06-22T02:00,94,0.00,998.4
2024-06-22T03:00,94,0.00,998.1
2024-06-22T04:00,96,0.00,998.3
2024-06-22T05:00,94,0.00,999.1
2024-06-22T06:00,88,0.00,1000.0
2024-06-22T07:00,81,0.00,1000.0
2024-06-22T08:00,79,0.00,1000.3
2024-06-22T09:00,75,0.00,1000.3
2024-06-22T10:00,74,0.10,999.9
2024-06-22T11:00,71,0.10,999.6
2024-06-22T12:00,70,0.20,998.6
2024-06-22T13:00,68,0.10,997.6
2024-06-22T14:00,83,7.10,997.4
2024-06-22T15:00,86,3.10,996.8
2024-06-22T16:00,83,0.10,996.6
2024-06-22T17:00,83,0.00,996.9
2024-06-22T18:00,81,0.00,997.8
2024-06-22T19:00,82,0.00,998.9
2024-06-22T20:00,82,0.00,1000.1
2024-06-22T21:00,83,0.00,1000.6
2024-06-22T22:00,85,0.00,1001.2
2024-06-22T23:00,88,0.00,1001.1
2024-06-23T00:00,90,0.00,1000.8
2024-06-23T01:00,92,0.00,1000.2
2024-06-23T02:00,93,0.00,999.9
2024-06-23T03:00,93,0.00,999.6
2024-06-23T04:00,95,0.00,1000.0
2024-06-23T05:00,93,0.00,1000.3
2024-06-23T06:00,85,0.00,1001.0
2024-06-23T07:00,79,0.10,1001.3
2024-06-23T08:00,78,0.10,1001.7
2024-06-23T09:00,74,0.10,1001.3
2024-06-23T10:00,72,0.10,1001.1
2024-06-23T11:00,68,0.00,1000.4
2024-06-23T12:00,65,0.00,999.7
2024-06-23T13:00,81,1.80,999.1
2024-06-23T14:00,79,0.50,998.1
2024-06-23T15:00,75,0.00,996.9
2024-06-23T16:00,72,0.10,996.6
2024-06-23T17:00,75,0.00,997.2
2024-06-23T18:00,83,0.10,998.2
2024-06-23T19:00,84,0.00,998.8
2024-06-23T20:00,87,0.00,999.3
2024-06-23T21:00,89,0.00,1000.0
2024-06-23T22:00,90,0.00,1000.5
2024-06-23T23:00,91,0.00,1000.1
2024-06-24T00:00,91,0.00,1000.2
2024-06-24T01:00,92,0.00,1000.1
2024-06-24T02:00,92,0.00,999.9
2024-06-24T03:00,92,0.00,999.7
2024-06-24T04:00,92,0.00,999.5
2024-06-24T05:00,91,0.00,999.8
2024-06-24T06:00,89,0.00,1000.3
2024-06-24T07:00,82,0.00,1000.8
2024-06-24T08:00,79,0.00,1000.7
2024-06-24T09:00,74,0.00,1000.5
2024-06-24T10:00,68,0.00,1000.1
2024-06-24T11:00,66,0.10,999.5
2024-06-24T12:00,65,0.00,998.5
2024-06-24T13:00,64,0.00,997.7
2024-06-24T14:00,65,0.20,997.0
2024-06-24T15:00,66,0.00,996.3
2024-06-24T16:00,69,0.00,995.8
2024-06-24T17:00,74,0.00,996.1
2024-06-24T18:00,75,0.00,997.3
2024-06-24T19:00,77,0.00,998.0
2024-06-24T20:00,80,0.00,998.8
2024-06-24T21:00,84,0.00,999.6
2024-06-24T22:00,86,0.00,999.9
2024-06-24T23:00,87,0.00,999.6
2024-06-25T00:00,87,0.00,999.3
2024-06-25T01:00,88,0.00,998.9
2024-06-25T02:00,88,0.00,998.5
2024-06-25T03:00,88,0.00,998.2
2024-06-25T04:00,89,0.00,998.3
2024-06-25T05:00,88,0.00,998.7
2024-06-25T06:00,82,0.00,998.9
2024-06-25T07:00,78,0.00,999.4
2024-06-25T08:00,74,0.00,999.8
2024-06-25T09:00,72,0.00,1000.1
2024-06-25T10:00,69,0.00,999.6
2024-06-25T11:00,67,0.10,999.0
2024-06-25T12:00,64,0.00,998.1
2024-06-25T13:00,74,0.20,997.5
2024-06-25T14:00,68,0.00,996.9
2024-06-25T15:00,66,0.00,996.5
2024-06-25T16:00,66,0.00,996.0
2024-06-25T17:00,71,0.00,996.0
2024-06-25T18:00,71,0.00,996.7
2024-06-25T19:00,71,0.00,997.7
2024-06-25T20:00,76,0.00,998.6
2024-06-25T21:00,81,0.00,999.5
2024-06-25T22:00,84,0.00,1000.1
2024-06-25T23:00,86,0.00,1000.2
2024-06-26T00:00,87,0.00,999.6
2024-06-26T01:00,88,0.00,999.1
2024-06-26T02:00,88,0.00,998.4
2024-06-26T03:00,90,0.00,998.6
2024-06-26T04:00,92,0.00,998.9
2024-06-26T05:00,91,0.00,999.3
2024-06-26T06:00,85,0.00,999.4
2024-06-26T07:00,78,0.00,999.9
2024-06-26T08:00,72,0.00,1000.1
2024-06-26T09:00,64,0.00,1000.2
2024-06-26T10:00,61,0.10,1000.0
2024-06-26T11:00,62,0.10,999.2
2024-06-26T12:00,62,0.10,998.6
2024-06-26T13:00,66,0.00,997.9
2024-06-26T14:00,76,0.10,997.2
2024-06-26T15:00,75,0.10,997.1
2024-06-26T16:00,73,0.00,997.1
2024-06-26T17:00,76,0.00,997.5
2024-06-26T18:00,79,0.00,998.1
2024-06-26T19:00,82,0.00,999.1
2024-06-26T20:00,84,0.00,1000.4
2024-06-26T21:00,85,0.00,1001.0
2024-06-26T22:00,86,0.00,1001.5
2024-06-26T23:00,87,0.00,1001.0
2024-06-27T00:00,89,0.00,1000.8
2024-06-27T01:00,90,0.00,1000.1
2024-06-27T02:00,90,0.00,999.7
2024-06-27T03:00,91,0.00,999.8
2024-06-27T04:00,91,0.00,999.9
2024-06-27T05:00,90,0.00,1000.3
2024-06-27T06:00,85,0.00,1000.6
2024-06-27T07:00,81,0.10,1001.4
2024-06-27T08:00,80,0.20,1001.5
2024-06-27T09:00,75,0.10,1001.2
2024-06-27T10:00,81,1.10,1001.4
2024-06-27T11:00,72,0.10,1000.6
2024-06-27T12:00,81,5.10,1000.4
2024-06-27T13:00,78,0.20,999.1
2024-06-27T14:00,76,0.30,998.6
2024-06-27T15:00,87,10.10,998.5
2024-06-27T16:00,82,0.10,998.0
2024-06-27T17:00,82,0.00,998.2
2024-06-27T18:00,87,0.00,999.5
2024-06-27T19:00,88,0.00,999.8
2024-06-27T20:00,89,0.00,1000.4
2024-06-27T21:00,89,0.00,1000.9
2024-06-27T22:00,90,0.00,1000.8
2024-06-27T23:00,90,0.00,1000.4
2024-06-28T00:00,90,0.00,1000.0
2024-06-28T01:00,91,0.00,999.3
2024-06-28T02:00,92,0.00,999.0
2024-06-28T03:00,92,0.00,998.8
2024-06-28T04:00,92,0.00,998.5
2024-06-28T05:00,92,0.00,998.9
2024-06-28T06:00,89,0.00,999.6
2024-06-28T07:00,84,0.00,999.8
2024-06-28T08:00,77,0.10,999.6
2024-06-28T09:00,75,0.20,999.2
2024-06-28T10:00,71,0.10,998.8
2024-06-28T11:00,87,3.40,998.5
2024-06-28T12:00,81,0.50,997.7
2024-06-28T13:00,76,0.30,996.5
2024-06-28T14:00,75,0.20,995.6
2024-06-28T15:00,80,3.40,995.7
2024-06-28T16:00,83,0.30,995.3
2024-06-28T17:00,84,0.10,995.7
2024-06-28T18:00,90,0.10,996.5
2024-06-28T19:00,91,0.10,997.0
2024-06-28T20:00,91,0.00,997.7
2024-06-28T21:00,92,0.00,998.7
2024-06-28T22:00,91,0.00,998.9
2024-06-28T23:00,90,0.10,998.4
2024-06-29T00:00,90,0.00,998.0
2024-06-29T01:00,91,0.00,997.8
2024-06-29T02:00,91,0.20,997.6
2024-06-29T03:00,93,0.00,997.5
2024-06-29T04:00,95,0.00,997.6
2024-06-29T05:00,94,0.00,998.1
2024-06-29T06:00,89,0.00,998.5
2024-06-29T07:00,89,0.60,999.1
2024-06-29T08:00,84,1.40,999.2
2024-06-29T09:00,81,0.20,999.3
2024-06-29T10:00,81,0.60,999.0
2024-06-29T11:00,80,0.60,998.5
2024-06-29T12:00,80,2.90,997.7
2024-06-29T13:00,82,0.30,997.1
2024-06-29T14:00,80,0.00,997.4
2024-06-29T15:00,80,0.20,996.8
2024-06-29T16:00,79,0.00,996.7
2024-06-29T17:00,81,0.10,997.1
2024-06-29T18:00,89,0.00,997.1
2024-06-29T19:00,89,0.00,998.4
2024-06-29T20:00,89,0.00,999.2
2024-06-29T21:00,91,0.00,999.3
2024-06-29T22:00,92,0.00,998.6
2024-06-29T23:00,92,0.00,998.9
2024-06-30T00:00,93,0.30,998.4
2024-06-30T01:00,94,0.10,997.7
2024-06-30T02:00,94,0.00,997.4
2024-06-30T03:00,93,0.00,997.6
2024-06-30T04:00,95,0.00,997.1
2024-06-30T05:00,96,2.80,998.6
2024-06-30T06:00,91,0.80,998.7
2024-06-30T07:00,87,0.20,999.4
2024-06-30T08:00,81,0.20,999.5
2024-06-30T09:00,79,0.30,1000.0
2024-06-30T10:00,76,0.30,999.4
2024-06-30T11:00,73,0.30,999.2
2024-06-30T12:00,82,5.50,998.8
2024-06-30T13:00,92,1.00,997.9
2024-06-30T14:00,87,0.50,996.9
2024-06-30T15:00,86,0.20,996.5
2024-06-30T16:00,82,0.00,996.7
2024-06-30T17:00,86,3.20,997.5
2024-06-30T18:00,91,0.10,998.1
2024-06-30T19:00,92,0.30,998.3
2024-06-30T20:00,95,5.80,999.7
2024-06-30T21:00,95,0.40,999.7
2024-06-30T22:00,94,0.60,999.6
2024-06-30T23:00,94,0.50,998.9
2024-07-01T00:00,95,1.00,998.6
2024-07-01T01:00,95,3.10,998.3
2024-07-01T02:00,95,2.50,998.0
2024-07-01T03:00,96,2.10,997.7
2024-07-01T04:00,97,2.90,997.9
2024-07-01T05:00,97,1.80,998.2
2024-07-01T06:00,90,0.60,999.4
2024-07-01T07:00,90,0.30,999.3
2024-07-01T08:00,86,0.30,999.7
2024-07-01T09:00,84,0.70,1000.0
2024-07-01T10:00,89,1.10,999.7
2024-07-01T11:00,84,0.60,999.0
2024-07-01T12:00,78,0.40,997.5
2024-07-01T13:00,69,0.10,996.8
2024-07-01T14:00,72,0.00,996.2
2024-07-01T15:00,79,0.10,995.8
2024-07-01T16:00,76,0.10,996.0
2024-07-01T17:00,80,0.10,996.6
2024-07-01T18:00,91,0.40,997.4
2024-07-01T19:00,92,0.30,997.7
2024-07-01T20:00,93,0.10,998.2
2024-07-01T21:00,92,0.10,998.6
2024-07-01T22:00,91,0.10,998.0
2024-07-01T23:00,91,0.10,997.7
2024-07-02T00:00,92,0.10,997.0
2024-07-02T01:00,93,1.90,997.1
2024-07-02T02:00,95,3.50,996.7
2024-07-02T03:00,95,1.30,996.3
2024-07-02T04:00,96,2.90,996.5
2024-07-02T05:00,95,2.50,996.9
2024-07-02T06:00,94,2.60,997.4
2024-07-02T07:00,92,1.50,998.2
2024-07-02T08:00,89,1.10,998.4
2024-07-02T09:00,82,3.30,998.8
2024-07-02T10:00,87,0.50,998.3
2024-07-02T11:00,88,0.30,997.4
2024-07-02T12:00,83,0.50,996.4
2024-07-02T13:00,87,10.80,996.0
2024-07-02T14:00,87,3.80,995.8
2024-07-02T15:00,86,0.10,995.2
2024-07-02T16:00,89,0.00,994.9
2024-07-02T17:00,89,0.00,995.4
2024-07-02T18:00,92,0.70,996.3
2024-07-02T19:00,92,1.00,997.0
2024-07-02T20:00,94,1.00,997.9
2024-07-02T21:00,94,1.70,998.5
2024-07-02T22:00,94,0.60,998.8
2024-07-02T23:00,94,0.30,998.4
2024-07-03T00:00,94,0.10,997.9
2024-07-03T01:00,94,0.00,997.4
2024-07-03T02:00,94,0.10,996.9
2024-07-03T03:00,94,0.00,997.0
2024-07-03T04:00,95,0.00,997.5
2024-07-03T05:00,95,0.10,998.3
2024-07-03T06:00,93,2.10,998.7
2024-07-03T07:00,91,0.10,999.3
2024-07-03T08:00,88,0.10,999.7
2024-07-03T09:00,87,0.00,1000.0
2024-07-03T10:00,86,0.30,1000.1
2024-07-03T11:00,87,0.40,999.9
2024-07-03T12:00,87,2.00,999.2
2024-07-03T13:00,85,0.40,998.5
2024-07-03T14:00,87,0.60,997.5
2024-07-03T15:00,87,0.00,996.9
2024-07-03T16:00,88,0.00,997.2
2024-07-03T17:00,87,0.30,998.0
2024-07-03T18:00,95,2.30,998.4
2024-07-03T19:00,94,5.00,999.2
2024-07-03T20:00,93,1.60,1000.0
2024-07-03T21:00,94,0.30,1000.3
2024-07-03T22:00,93,0.00,1000.5
2024-07-03T23:00,93,0.00,1000.3
2024-07-04T00:00,94,0.10,999.5
2024-07-04T01:00,95,4.40,999.1
2024-07-04T02:00,96,3.00,998.8
2024-07-04T03:00,97,4.80,999.1
2024-07-04T04:00,96,4.70,999.2
2024-07-04T05:00,96,2.20,1000.1
2024-07-04T06:00,97,0.20,1001.2
2024-07-04T07:00,96,0.50,1001.7
2024-07-04T08:00,91,0.20,1001.9
2024-07-04T09:00,83,0.10,1002.2
2024-07-04T10:00,80,0.10,1002.2
2024-07-04T11:00,75,0.20,1001.5
2024-07-04T12:00,79,0.30,1000.6
2024-07-04T13:00,78,0.20,999.7
2024-07-04T14:00,74,0.10,998.8
2024-07-04T15:00,78,0.90,998.6
2024-07-04T16:00,75,0.30,998.9
2024-07-04T17:00,79,0.10,999.4
2024-07-04T18:00,88,0.00,999.6
2024-07-04T19:00,90,0.00,1000.2
2024-07-04T20:00,90,0.00,1000.8
2024-07-04T21:00,89,0.00,1001.4
2024-07-04T22:00,89,0.00,1001.6
2024-07-04T23:00,89,0.10,1000.9
2024-07-05T00:00,91,3.50,1000.3
2024-07-05T01:00,92,2.50,999.7
2024-07-05T02:00,95,2.30,999.6
2024-07-05T03:00,97,7.60,1000.0
2024-07-05T04:00,96,4.00,1000.5
2024-07-05T05:00,96,1.10,1000.7
2024-07-05T06:00,85,0.00,1000.2
2024-07-05T07:00,82,0.00,1001.2
2024-07-05T08:00,76,0.00,1001.3
2024-07-05T09:00,73,0.10,1001.5
2024-07-05T10:00,72,0.00,1001.2
2024-07-05T11:00,71,0.10,1000.1
2024-07-05T12:00,71,0.20,999.5
2024-07-05T13:00,81,0.50,999.0
2024-07-05T14:00,78,0.20,998.1
2024-07-05T15:00,77,0.00,997.1
2024-07-05T16:00,75,0.00,997.1
2024-07-05T17:00,81,0.00,996.9
2024-07-05T18:00,82,0.00,998.4
2024-07-05T19:00,86,0.00,999.1
2024-07-05T20:00,86,0.00,1000.0
2024-07-05T21:00,86,0.00,1000.5
2024-07-05T22:00,87,0.00,1000.2
2024-07-05T23:00,88,0.00,1000.2
2024-07-06T00:00,87,0.00,999.4
2024-07-06T01:00,88,0.00,999.0
2024-07-06T02:00,89,0.00,998.6
2024-07-06T03:00,89,0.30,998.5
2024-07-06T04:00,93,0.60,999.2
2024-07-06T05:00,92,0.00,999.6
2024-07-06T06:00,92,0.90,1000.3
2024-07-06T07:00,87,0.40,1000.9
2024-07-06T08:00,83,0.20,1001.0
2024-07-06T09:00,78,0.00,1001.2
2024-07-06T10:00,76,0.00,1000.6
2024-07-06T11:00,74,0.00,1000.1
2024-07-06T12:00,71,0.00,999.2
2024-07-06T13:00,77,1.30,998.6
2024-07-06T14:00,74,0.20,997.6
2024-07-06T15:00,76,0.30,997.2
2024-07-06T16:00,78,0.10,997.2
2024-07-06T17:00,79,0.00,997.7
2024-07-06T18:00,84,0.00,999.4
2024-07-06T19:00,87,0.00,999.9
2024-07-06T20:00,88,0.00,1000.7
2024-07-06T21:00,89,0.00,1001.2
2024-07-06T22:00,90,0.00,1001.5
2024-07-06T23:00,91,0.00,1000.9
2024-07-07T00:00,92,0.10,1000.6
2024-07-07T01:00,92,0.00,1000.3
2024-07-07T02:00,93,0.00,999.8
2024-07-07T03:00,94,0.00,1000.0
2024-07-07T04:00,94,0.10,1000.1
2024-07-07T05:00,93,0.10,1000.6
2024-07-07T06:00,86,0.10,1001.4
2024-07-07T07:00,82,0.00,1002.0
2024-07-07T08:00,79,0.20,1002.2
2024-07-07T09:00,73,0.00,1002.4
2024-07-07T10:00,73,0.10,1002.5
2024-07-07T11:00,69,0.00,1001.7
2024-07-07T12:00,71,0.20,1001.2
2024-07-07T13:00,74,3.70,1000.5
2024-07-07T14:00,73,0.10,999.6
2024-07-07T15:00,79,1.70,999.5
2024-07-07T16:00,76,0.00,999.1
2024-07-07T17:00,78,0.00,999.6
2024-07-07T18:00,84,0.00,1000.9
2024-07-07T19:00,85,0.00,1001.3
2024-07-07T20:00,86,0.00,1001.8
2024-07-07T21:00,88,0.00,1002.4
2024-07-07T22:00,90,0.00,1002.9
2024-07-07T23:00,92,0.00,1002.5
2024-07-08T00:00,93,0.00,1002.4
2024-07-08T01:00,94,0.00,1001.9
2024-07-08T02:00,94,0.00,1001.4
2024-07-08T03:00,95,0.00,1001.5
2024-07-08T04:00,95,0.00,1001.6
2024-07-08T05:00,95,0.00,1001.6
2024-07-08T06:00,87,0.00,1002.0
2024-07-08T07:00,82,0.10,1002.6
2024-07-08T08:00,78,0.10,1002.5
2024-07-08T09:00,72,0.10,1002.7
2024-07-08T10:00,69,0.30,1002.6
2024-07-08T11:00,69,0.10,1002.2
2024-07-08T12:00,66,0.00,1001.5
2024-07-08T13:00,67,0.10,1000.7
2024-07-08T14:00,66,0.70,1000.0
2024-07-08T15:00,71,0.30,999.7
2024-07-08T16:00,72,0.10,999.2
2024-07-08T17:00,75,0.00,999.7
2024-07-08T18:00,79,0.00,1000.8
2024-07-08T19:00,80,0.00,1001.3
2024-07-08T20:00,83,0.00,1002.1
2024-07-08T21:00,85,0.00,1002.7
2024-07-08T22:00,87,0.00,1002.9
2024-07-08T23:00,88,0.00,1002.7
2024-07-09T00:00,89,0.00,1002.5
2024-07-09T01:00,89,0.00,1002.2
2024-07-09T02:00,90,0.00,1001.7
2024-07-09T03:00,89,0.00,1002.0
2024-07-09T04:00,89,0.00,1002.1
2024-07-09T05:00,91,0.00,1002.2
2024-07-09T06:00,85,0.00,1002.7
2024-07-09T07:00,83,0.10,1003.2
2024-07-09T08:00,79,0.00,1003.7
2024-07-09T09:00,74,0.00,1003.7
2024-07-09T10:00,75,0.10,1003.5
2024-07-09T11:00,73,0.10,1003.5
2024-07-09T12:00,77,0.10,1003.0
2024-07-09T13:00,73,0.00,1002.0
2024-07-09T14:00,76,3.10,1001.2
2024-07-09T15:00,75,0.40,1000.5
2024-07-09T16:00,75,0.10,1000.2
2024-07-09T17:00,78,0.10,1000.8
2024-07-09T18:00,77,0.00,1001.6
2024-07-09T19:00,82,0.00,1002.5
2024-07-09T20:00,85,0.00,1002.9
2024-07-09T21:00,87,0.00,1003.5
2024-07-09T22:00,88,0.00,1003.7
2024-07-09T23:00,88,0.00,1003.5
2024-07-10T00:00,88,0.00,1003.5
2024-07-10T01:00,87,0.00,1003.4
2024-07-10T02:00,88,0.00,1003.2
2024-07-10T03:00,89,0.00,1002.9
2024-07-10T04:00,89,0.00,1003.2
2024-07-10T05:00,90,0.00,1003.9
2024-07-10T06:00,83,0.00,1004.3
2024-07-10T07:00,80,0.00,1004.6
2024-07-10T08:00,76,0.00,1004.6
2024-07-10T09:00,74,0.00,1004.8
2024-07-10T10:00,71,0.10,1004.4
2024-07-10T11:00,70,0.20,1003.9
2024-07-10T12:00,69,0.10,1002.8
2024-07-10T13:00,69,0.40,1001.9
2024-07-10T14:00,69,0.00,1001.0
2024-07-10T15:00,72,0.10,1000.6
2024-07-10T16:00,72,0.10,1000.1
2024-07-10T17:00,78,0.00,1000.7
2024-07-10T18:00,78,0.00,1001.5
2024-07-10T19:00,81,0.00,1002.2
2024-07-10T20:00,83,0.00,1002.8
2024-07-10T21:00,85,0.00,1003.1
2024-07-10T22:00,86,0.00,1003.3
2024-07-10T23:00,88,0.00,1002.6
2024-07-11T00:00,87,0.00,1002.1
2024-07-11T01:00,85,0.00,1001.7
2024-07-11T02:00,85,0.00,1001.1
2024-07-11T03:00,87,0.20,1001.2
2024-07-11T04:00,89,0.20,1001.2
2024-07-11T05:00,91,0.00,1001.4
2024-07-11T06:00,83,0.00,1001.8
2024-07-11T07:00,78,0.00,1002.0
2024-07-11T08:00,77,0.10,1001.8
2024-07-11T09:00,75,0.20,1001.8
2024-07-11T10:00,73,0.40,1001.3
2024-07-11T11:00,78,5.40,1001.0
2024-07-11T12:00,81,0.70,1000.2
2024-07-11T13:00,73,0.20,998.8
2024-07-11T14:00,78,0.50,998.1
2024-07-11T15:00,79,0.20,997.5
2024-07-11T16:00,83,2.50,997.8
2024-07-11T17:00,85,0.10,997.8
2024-07-11T18:00,81,0.00,997.7
2024-07-11T19:00,85,0.00,998.7
2024-07-11T20:00,86,0.00,999.3
2024-07-11T21:00,87,0.00,999.8
2024-07-11T22:00,87,0.00,999.6
2024-07-11T23:00,88,0.00,999.4
2024-07-12T00:00,87,0.00,998.5
2024-07-12T01:00,87,0.00,998.1
2024-07-12T02:00,92,4.30,998.0
2024-07-12T03:00,94,1.10,997.4
2024-07-12T04:00,95,0.80,998.0
2024-07-12T05:00,94,0.10,998.5
2024-07-12T06:00,94,1.10,999.2
2024-07-12T07:00,93,0.70,999.3
2024-07-12T08:00,90,0.50,999.7
2024-07-12T09:00,89,0.70,1000.1
2024-07-12T10:00,83,7.50,999.8
2024-07-12T11:00,80,0.30,999.1
2024-07-12T12:00,76,0.10,998.0
2024-07-12T13:00,71,0.00,997.4
2024-07-12T14:00,82,0.80,996.8
2024-07-12T15:00,81,1.60,996.5
2024-07-12T16:00,84,0.30,996.2
2024-07-12T17:00,85,0.40,996.7
2024-07-12T18:00,84,0.00,997.7
2024-07-12T19:00,88,0.00,998.2
2024-07-12T20:00,90,0.00,998.8
2024-07-12T21:00,92,0.00,999.0
2024-07-12T22:00,94,0.00,999.0
2024-07-12T23:00,95,0.00,998.6
2024-07-13T00:00,96,0.00,997.8
2024-07-13T01:00,95,0.40,997.3
2024-07-13T02:00,95,1.20,997.0
2024-07-13T03:00,97,0.30,997.0
2024-07-13T04:00,96,2.60,996.8
2024-07-13T05:00,96,2.40,997.5
2024-07-13T06:00,91,0.00,997.5
2024-07-13T07:00,87,0.00,997.8
2024-07-13T08:00,83,0.00,997.8
2024-07-13T09:00,78,0.00,997.8
2024-07-13T10:00,76,0.00,997.2
2024-07-13T11:00,73,0.00,996.7
2024-07-13T12:00,82,1.50,996.7
2024-07-13T13:00,85,0.70,995.5
2024-07-13T14:00,73,0.20,994.3
2024-07-13T15:00,69,0.10,993.6
2024-07-13T16:00,73,0.00,993.6
2024-07-13T17:00,79,0.30,993.9
2024-07-13T18:00,80,0.00,995.1
2024-07-13T19:00,84,0.00,995.7
2024-07-13T20:00,86,0.00,996.4
2024-07-13T21:00,88,0.00,996.8
2024-07-13T22:00,89,0.00,997.1
2024-07-13T23:00,92,1.70,997.0
2024-07-14T00:00,94,1.50,996.7
2024-07-14T01:00,94,0.10,996.2
2024-07-14T02:00,94,0.00,996.0
2024-07-14T03:00,95,0.00,995.5
2024-07-14T04:00,97,0.00,995.6
2024-07-14T05:00,96,0.00,996.2
2024-07-14T06:00,89,0.00,996.9
2024-07-14T07:00,83,0.00,997.2
2024-07-14T08:00,80,0.20,997.3
2024-07-14T09:00,77,0.00,997.3
2024-07-14T10:00,72,0.00,997.1
2024-07-14T11:00,71,0.00,996.7
2024-07-14T12:00,74,0.10,995.9
2024-07-14T13:00,74,0.20,994.9
2024-07-14T14:00,75,0.50,994.0
2024-07-14T15:00,71,0.00,993.6
2024-07-14T16:00,75,0.20,993.8
2024-07-14T17:00,78,0.10,994.6
2024-07-14T18:00,84,0.00,995.9
2024-07-14T19:00,85,0.10,996.4
2024-07-14T20:00,87,0.00,997.4
2024-07-14T21:00,88,0.00,998.2
2024-07-14T22:00,89,0.00,998.6
2024-07-14T23:00,91,0.00,998.5
2024-07-15T00:00,92,0.00,998.0
2024-07-15T01:00,92,0.00,997.7
2024-07-15T02:00,91,0.00,997.5
2024-07-15T03:00,90,0.00,997.6
2024-07-15T04:00,90,0.00,997.7
2024-07-15T05:00,90,0.00,998.3
2024-07-15T06:00,87,0.10,998.7
2024-07-15T07:00,87,0.10,998.9
2024-07-15T08:00,80,0.00,998.9
2024-07-15T09:00,75,0.00,998.9
2024-07-15T10:00,74,0.10,999.1
2024-07-15T11:00,69,0.00,998.5
2024-07-15T12:00,74,0.20,997.7
2024-07-15T13:00,69,1.00,996.9
2024-07-15T14:00,68,0.20,996.2
2024-07-15T15:00,73,0.40,995.6
2024-07-15T16:00,75,0.20,995.4
2024-07-15T17:00,78,0.10,996.2
2024-07-15T18:00,81,0.00,996.7
2024-07-15T19:00,82,0.00,997.5
2024-07-15T20:00,85,0.00,998.4
2024-07-15T21:00,88,0.00,999.4
2024-07-15T22:00,89,0.00,1000.1
2024-07-15T23:00,89,0.00,999.8
2024-07-16T00:00,90,0.00,999.3
2024-07-16T01:00,88,0.30,999.1
2024-07-16T02:00,90,0.20,998.6
2024-07-16T03:00,92,0.00,998.4
2024-07-16T04:00,93,0.00,998.5
2024-07-16T05:00,92,0.00,999.1
2024-07-16T06:00,86,0.00,1000.0
2024-07-16T07:00,81,0.20,1000.4
2024-07-16T08:00,80,0.10,1001.0
2024-07-16T09:00,77,0.00,1001.0
2024-07-16T10:00,74,0.00,1000.8
2024-07-16T11:00,73,0.10,1000.4
2024-07-16T12:00,73,0.10,999.7
2024-07-16T13:00,71,0.10,998.7
2024-07-16T14:00,73,0.10,997.8
2024-07-16T15:00,72,0.10,996.9
2024-07-16T16:00,73,0.10,996.9
2024-07-16T17:00,75,0.00,997.1
2024-07-16T18:00,80,0.00,997.9
2024-07-16T19:00,82,0.00,998.6
2024-07-16T20:00,84,0.00,999.4
2024-07-16T21:00,87,0.00,1000.1
2024-07-16T22:00,89,0.00,1000.6
2024-07-16T23:00,91,0.00,1000.4
2024-07-17T00:00,93,0.00,999.9
2024-07-17T01:00,94,0.00,999.5
2024-07-17T02:00,95,0.00,999.0
2024-07-17T03:00,97,0.00,998.7
2024-07-17T04:00,97,0.00,999.0
2024-07-17T05:00,94,0.20,999.7
2024-07-17T06:00,89,0.10,999.8
2024-07-17T07:00,84,0.20,1000.3
2024-07-17T08:00,79,0.20,1000.7
2024-07-17T09:00,77,0.10,1000.8
2024-07-17T10:00,73,0.00,1000.6
2024-07-17T11:00,69,0.00,1000.1
2024-07-17T12:00,68,0.00,999.2
2024-07-17T13:00,69,0.10,998.1
2024-07-17T14:00,78,2.00,997.7
2024-07-17T15:00,75,0.30,996.9
2024-07-17T16:00,80,0.50,996.8
2024-07-17T17:00,78,0.00,997.2
2024-07-17T18:00,83,0.10,997.7
2024-07-17T19:00,85,0.00,998.6
2024-07-17T20:00,87,0.00,999.4
2024-07-17T21:00,88,0.00,1000.0
2024-07-17T22:00,90,0.00,1000.1
2024-07-17T23:00,91,0.00,999.8
2024-07-18T00:00,93,0.00,999.3
2024-07-18T01:00,95,0.00,998.4
2024-07-18T02:00,96,0.00,997.9
2024-07-18T03:00,96,0.00,997.5
2024-07-18T04:00,96,0.00,997.6
2024-07-18T05:00,94,0.00,998.4
2024-07-18T06:00,88,0.00,999.2
2024-07-18T07:00,83,0.00,999.2
2024-07-18T08:00,75,0.10,999.2
2024-07-18T09:00,71,0.10,999.4
2024-07-18T10:00,70,0.30,999.2
2024-07-18T11:00,69,0.20,998.5
2024-07-18T12:00,68,0.20,997.4
2024-07-18T13:00,65,0.00,996.0
2024-07-18T14:00,65,0.00,994.9
2024-07-18T15:00,65,0.00,994.4
2024-07-18T16:00,67,0.00,994.3
2024-07-18T17:00,73,0.00,994.7
2024-07-18T18:00,77,0.00,995.9
2024-07-18T19:00,79,0.00,996.8
2024-07-18T20:00,82,0.00,997.5
2024-07-18T21:00,84,0.00,998.2
2024-07-18T22:00,85,0.00,998.2
2024-07-18T23:00,86,0.00,998.0
2024-07-19T00:00,87,0.00,997.2
2024-07-19T01:00,88,0.00,996.2
2024-07-19T02:00,89,0.00,995.6
2024-07-19T03:00,90,0.00,995.5
2024-07-19T04:00,90,0.00,995.5
2024-07-19T05:00,90,0.00,995.9
2024-07-19T06:00,85,0.10,996.5
2024-07-19T07:00,81,0.20,996.8
2024-07-19T08:00,82,0.40,997.0
2024-07-19T09:00,81,1.00,997.0
2024-07-19T10:00,76,0.60,996.7
2024-07-19T11:00,75,0.10,995.6
2024-07-19T12:00,78,1.30,995.0
2024-07-19T13:00,75,0.10,994.1
2024-07-19T14:00,71,0.20,993.0
2024-07-19T15:00,71,0.20,992.2
2024-07-19T16:00,74,0.30,992.1
2024-07-19T17:00,77,0.10,992.5
2024-07-19T18:00,78,0.00,993.7
2024-07-19T19:00,80,0.00,994.9
2024-07-19T20:00,83,0.00,995.8
2024-07-19T21:00,85,0.00,996.4
2024-07-19T22:00,86,0.10,996.8
2024-07-19T23:00,85,0.10,996.5
2024-07-20T00:00,86,0.00,995.8
2024-07-20T01:00,88,0.00,995.4
2024-07-20T02:00,89,0.00,995.0
2024-07-20T03:00,89,0.00,995.2
2024-07-20T04:00,90,0.00,995.5
2024-07-20T05:00,89,0.00,996.2
2024-07-20T06:00,84,0.00,996.2
2024-07-20T07:00,81,0.10,996.9
2024-07-20T08:00,74,0.10,997.0
2024-07-20T09:00,72,0.20,997.1
2024-07-20T10:00,71,0.00,997.5
2024-07-20T11:00,66,0.00,996.8
2024-07-20T12:00,68,0.20,996.2
2024-07-20T13:00,71,0.10,995.1
2024-07-20T14:00,68,0.20,994.3
2024-07-20T15:00,74,0.70,994.2
2024-07-20T16:00,73,0.10,994.0
2024-07-20T17:00,77,0.00,994.5
2024-07-20T18:00,78,0.00,995.3
2024-07-20T19:00,79,0.00,996.4
2024-07-20T20:00,82,0.00,997.2
2024-07-20T21:00,83,0.00,997.5
2024-07-20T22:00,86,0.00,997.9
2024-07-20T23:00,87,0.00,997.5
2024-07-21T00:00,88,0.20,996.9
2024-07-21T01:00,89,0.10,996.6
2024-07-21T02:00,90,0.00,996.3
2024-07-21T03:00,91,0.00,996.0
2024-07-21T04:00,92,0.10,996.0
2024-07-21T05:00,91,0.10,996.6
2024-07-21T06:00,85,0.00,996.9
2024-07-21T07:00,80,0.10,997.5
2024-07-21T08:00,79,0.00,997.8
2024-07-21T09:00,73,0.00,997.9
2024-07-21T10:00,74,0.30,997.7
2024-07-21T11:00,81,3.00,997.8
2024-07-21T12:00,80,2.30,997.2
2024-07-21T13:00,77,0.20,996.0
2024-07-21T14:00,74,0.20,994.9
2024-07-21T15:00,74,0.50,994.6
2024-07-21T16:00,74,0.00,994.8
2024-07-21T17:00,78,0.00,995.4
2024-07-21T18:00,79,0.00,996.0
2024-07-21T19:00,81,0.00,997.2
2024-07-21T20:00,83,0.00,997.8
2024-07-21T21:00,85,0.00,998.4
2024-07-21T22:00,86,0.00,998.8
2024-07-21T23:00,87,0.10,998.6
2024-07-22T00:00,88,0.10,998.0
2024-07-22T01:00,89,0.10,997.7
2024-07-22T02:00,90,0.10,997.4
2024-07-22T03:00,90,0.00,997.1
2024-07-22T04:00,91,0.00,997.3
2024-07-22T05:00,90,0.00,997.8
2024-07-22T06:00,85,0.10,997.6
2024-07-22T07:00,84,0.40,998.0
2024-07-22T08:00,83,0.50,998.1
2024-07-22T09:00,79,0.20,998.3
2024-07-22T10:00,75,0.10,998.1
2024-07-22T11:00,71,0.10,997.6
2024-07-22T12:00,69,0.10,996.5
2024-07-22T13:00,71,0.10,995.8
2024-07-22T14:00,71,0.20,995.2
2024-07-22T15:00,70,0.00,995.1
2024-07-22T16:00,75,0.20,995.3
2024-07-22T17:00,75,0.00,995.5
2024-07-22T18:00,82,0.10,996.1
2024-07-22T19:00,84,0.00,997.0
2024-07-22T20:00,87,0.20,998.0
2024-07-22T21:00,87,0.10,998.8
2024-07-22T22:00,92,0.90,998.7
2024-07-22T23:00,93,0.40,998.4
2024-07-23T00:00,95,0.60,997.9
2024-07-23T01:00,96,0.20,997.2
2024-07-23T02:00,95,0.20,996.7
2024-07-23T03:00,96,0.00,996.7
2024-07-23T04:00,96,0.00,996.4
2024-07-23T05:00,96,0.00,996.9
2024-07-23T06:00,88,0.00,996.7
2024-07-23T07:00,83,0.10,996.9
2024-07-23T08:00,78,0.10,996.9
2024-07-23T09:00,78,0.10,996.9
2024-07-23T10:00,75,0.10,996.7
2024-07-23T11:00,72,0.10,995.7
2024-07-23T12:00,77,2.60,995.3
2024-07-23T13:00,77,0.70,994.2
2024-07-23T14:00,77,0.20,993.2
2024-07-23T15:00,85,13.60,993.1
2024-07-23T16:00,85,2.10,992.7
2024-07-23T17:00,87,0.10,992.9
2024-07-23T18:00,85,0.00,993.3
2024-07-23T19:00,88,0.10,994.4
2024-07-23T20:00,90,0.70,995.0
2024-07-23T21:00,92,0.50,995.1
2024-07-23T22:00,93,0.00,995.3
2024-07-23T23:00,93,0.00,994.9
2024-07-24T00:00,93,0.00,994.1
2024-07-24T01:00,93,0.00,993.5
2024-07-24T02:00,94,0.10,993.3
2024-07-24T03:00,94,0.10,993.3
2024-07-24T04:00,96,0.00,992.9
2024-07-24T05:00,95,0.00,993.2
2024-07-24T06:00,92,0.20,993.9
2024-07-24T07:00,89,0.00,994.2
2024-07-24T08:00,85,0.10,994.3
2024-07-24T09:00,86,0.20,994.4
2024-07-24T10:00,80,0.20,994.3
2024-07-24T11:00,73,0.20,993.4
2024-07-24T12:00,78,11.50,993.0
2024-07-24T13:00,86,7.40,992.1
2024-07-24T14:00,80,0.20,990.8
2024-07-24T15:00,76,0.00,990.2
2024-07-24T16:00,75,0.30,990.1
2024-07-24T17:00,79,0.00,990.4
2024-07-24T18:00,81,0.00,990.9
2024-07-24T19:00,81,0.00,992.0
2024-07-24T20:00,83,0.00,992.5
2024-07-24T21:00,85,0.00,992.6
2024-07-24T22:00,86,0.00,993.2
2024-07-24T23:00,88,0.00,992.5
2024-07-25T00:00,91,0.00,991.6
2024-07-25T01:00,93,0.00,991.1
2024-07-25T02:00,90,0.20,991.1
2024-07-25T03:00,92,0.20,991.0
2024-07-25T04:00,93,0.40,991.0
2024-07-25T05:00,95,0.40,991.3
2024-07-25T06:00,90,0.00,991.6
2024-07-25T07:00,87,0.00,991.6
2024-07-25T08:00,83,0.00,992.0
2024-07-25T09:00,76,0.00,992.6
2024-07-25T10:00,73,0.30,992.3
2024-07-25T11:00,79,2.10,992.1
2024-07-25T12:00,92,5.90,991.6
2024-07-25T13:00,88,0.90,989.9
2024-07-25T14:00,86,0.00,989.6
2024-07-25T15:00,82,0.10,989.3
2024-07-25T16:00,83,0.60,989.4
2024-07-25T17:00,83,0.10,989.7
2024-07-25T18:00,88,0.80,990.2
2024-07-25T19:00,92,1.10,990.7
2024-07-25T20:00,91,0.30,992.1
2024-07-25T21:00,93,0.40,992.2
2024-07-25T22:00,93,0.10,992.1
2024-07-25T23:00,96,3.40,992.0
2024-07-26T00:00,95,4.90,991.8
2024-07-26T01:00,96,0.30,990.8
2024-07-26T02:00,97,0.00,990.5
2024-07-26T03:00,96,0.00,990.3
2024-07-26T04:00,96,0.00,990.7
2024-07-26T05:00,96,0.00,991.2
2024-07-26T06:00,91,0.10,990.5
2024-07-26T07:00,88,0.10,991.0
2024-07-26T08:00,86,0.10,991.2
2024-07-26T09:00,79,2.10,991.5
2024-07-26T10:00,81,0.20,991.1
2024-07-26T11:00,85,9.10,990.6
2024-07-26T12:00,79,8.70,989.4
2024-07-26T13:00,86,8.40,988.9
2024-07-26T14:00,86,0.30,988.4
2024-07-26T15:00,81,0.00,988.0
2024-07-26T16:00,81,0.10,988.5
2024-07-26T17:00,80,0.20,988.8
2024-07-26T18:00,88,0.00,989.5
2024-07-26T19:00,89,0.00,990.5
2024-07-26T20:00,91,0.00,991.6
2024-07-26T21:00,92,0.00,992.2
2024-07-26T22:00,92,0.00,992.4
2024-07-26T23:00,92,0.00,992.1
2024-07-27T00:00,91,0.00,992.0
2024-07-27T01:00,91,0.00,991.7
2024-07-27T02:00,92,0.00,991.4
2024-07-27T03:00,92,0.10,991.7
2024-07-27T04:00,92,0.10,992.3
2024-07-27T05:00,93,0.10,993.1
2024-07-27T06:00,92,0.10,994.0
2024-07-27T07:00,90,0.30,994.1
2024-07-27T08:00,84,0.40,994.3
2024-07-27T09:00,83,0.20,994.7
2024-07-27T10:00,76,0.00,994.6
2024-07-27T11:00,86,2.00,994.5
2024-07-27T12:00,88,1.90,994.0
2024-07-27T13:00,82,0.30,993.6
2024-07-27T14:00,76,0.00,993.1
2024-07-27T15:00,78,0.30,993.3
2024-07-27T16:00,78,0.00,993.1
2024-07-27T17:00,79,0.00,993.6
2024-07-27T18:00,85,0.00,994.9
2024-07-27T19:00,87,0.00,995.8
2024-07-27T20:00,88,0.00,996.5
2024-07-27T21:00,89,0.00,997.0
2024-07-27T22:00,90,0.00,997.5
2024-07-27T23:00,91,0.00,997.6
2024-07-28T00:00,92,0.00,997.3
2024-07-28T01:00,90,0.00,996.8
2024-07-28T02:00,92,0.00,996.3
2024-07-28T03:00,94,0.00,996.4
2024-07-28T04:00,94,0.00,996.3
2024-07-28T05:00,94,0.00,996.9
2024-07-28T06:00,90,0.00,997.1
2024-07-28T07:00,85,0.00,997.4
2024-07-28T08:00,81,0.00,997.7
2024-07-28T09:00,78,0.20,997.7
2024-07-28T10:00,75,0.20,997.1
2024-07-28T11:00,72,0.20,996.3
2024-07-28T12:00,82,3.40,995.8
2024-07-28T13:00,74,0.60,995.1
2024-07-28T14:00,80,0.90,994.8
2024-07-28T15:00,80,0.10,993.8
2024-07-28T16:00,80,0.60,993.9
2024-07-28T17:00,85,0.10,994.2
2024-07-28T18:00,94,0.20,995.4
2024-07-28T19:00,92,0.30,996.0
2024-07-28T20:00,93,0.00,996.6
2024-07-28T21:00,93,0.00,996.9
2024-07-28T22:00,95,0.00,996.7
2024-07-28T23:00,95,0.00,996.5
2024-07-29T00:00,94,0.10,996.1
2024-07-29T01:00,96,0.80,996.1
2024-07-29T02:00,96,0.70,996.0
2024-07-29T03:00,96,0.10,996.0
2024-07-29T04:00,95,0.50,996.0
2024-07-29T05:00,95,0.40,996.6
2024-07-29T06:00,93,0.10,996.6
2024-07-29T07:00,89,0.10,997.0
2024-07-29T08:00,85,0.00,997.2
2024-07-29T09:00,76,0.10,997.2
2024-07-29T10:00,76,0.80,996.8
2024-07-29T11:00,88,9.20,996.5
2024-07-29T12:00,80,0.20,995.7
2024-07-29T13:00,79,0.20,994.8
2024-07-29T14:00,82,0.40,994.4
2024-07-29T15:00,84,0.60,994.4
2024-07-29T16:00,81,0.40,994.1
2024-07-29T17:00,84,0.20,994.7
2024-07-29T18:00,91,0.20,996.1
2024-07-29T19:00,93,0.00,996.9
2024-07-29T20:00,93,0.00,997.6
2024-07-29T21:00,93,0.10,998.3
2024-07-29T22:00,92,0.50,998.5
2024-07-29T23:00,94,0.30,998.2
2024-07-30T00:00,95,0.30,998.1
2024-07-30T01:00,94,0.70,997.9
2024-07-30T02:00,95,0.20,997.9
2024-07-30T03:00,95,0.10,998.1
2024-07-30T04:00,96,0.00,998.1
2024-07-30T05:00,94,0.00,998.5
2024-07-30T06:00,93,0.40,998.9
2024-07-30T07:00,86,0.10,999.4
2024-07-30T08:00,82,0.10,999.7
2024-07-30T09:00,76,0.10,999.6
2024-07-30T10:00,74,0.20,999.2
2024-07-30T11:00,69,0.00,998.6
2024-07-30T12:00,70,0.20,997.7
2024-07-30T13:00,69,0.30,996.9
2024-07-30T14:00,68,0.10,996.4
2024-07-30T15:00,74,0.40,996.2
2024-07-30T16:00,74,0.10,996.4
2024-07-30T17:00,81,0.40,997.5
2024-07-30T18:00,81,0.00,998.0
2024-07-30T19:00,84,0.00,999.3
2024-07-30T20:00,88,0.10,1000.2
2024-07-30T21:00,90,0.00,1000.2
2024-07-30T22:00,92,0.00,1000.3
2024-07-30T23:00,93,0.00,999.7
2024-07-31T00:00,92,1.00,999.2
2024-07-31T01:00,91,0.20,998.7
2024-07-31T02:00,94,3.30,998.7
2024-07-31T03:00,95,2.70,998.8
2024-07-31T04:00,96,0.60,999.0
2024-07-31T05:00,97,1.30,999.4
2024-07-31T06:00,93,1.20,999.0
2024-07-31T07:00,90,0.10,1000.1
2024-07-31T08:00,87,0.10,1000.2
2024-07-31T09:00,80,0.10,1000.4
2024-07-31T10:00,77,0.30,1000.1
2024-07-31T11:00,75,0.20,999.5
2024-07-31T12:00,87,2.50,998.9
2024-07-31T13:00,84,0.20,998.0
2024-07-31T14:00,84,0.20,997.0
2024-07-31T15:00,83,1.00,996.6
2024-07-31T16:00,85,1.30,996.4
2024-07-31T17:00,87,0.20,997.1
2024-07-31T18:00,89,2.30,997.7
2024-07-31T19:00,94,1.00,998.6
2024-07-31T20:00,94,0.40,999.0
2024-07-31T21:00,94,1.90,999.2
2024-07-31T22:00,95,1.40,999.2
2024-07-31T23:00,95,2.20,998.6
2024-08-01T00:00,95,0.40,997.8
2024-08-01T01:00,96,0.70,997.4
2024-08-01T02:00,96,0.60,997.1
2024-08-01T03:00,96,0.30,996.4
2024-08-01T04:00,97,0.20,996.6
2024-08-01T05:00,95,0.90,997.0
2024-08-01T06:00,96,0.20,996.9
2024-08-01T07:00,93,0.10,997.1
2024-08-01T08:00,89,0.30,997.1
2024-08-01T09:00,90,1.80,997.7
2024-08-01T10:00,91,1.70,997.8
2024-08-01T11:00,89,2.00,997.3
2024-08-01T12:00,86,0.60,996.3
2024-08-01T13:00,90,0.50,995.4
2024-08-01T14:00,91,0.90,995.2
2024-08-01T15:00,93,0.80,995.0
2024-08-01T16:00,94,0.80,995.1
2024-08-01T17:00,94,2.00,995.7
2024-08-01T18:00,93,1.90,996.0
2024-08-01T19:00,92,4.10,996.4
2024-08-01T20:00,92,2.20,997.0
2024-08-01T21:00,92,2.60,997.6
2024-08-01T22:00,92,4.00,997.7
2024-08-01T23:00,92,4.40,997.2
2024-08-02T00:00,92,2.40,996.5
2024-08-02T01:00,93,2.10,996.0
2024-08-02T02:00,94,2.70,995.6
2024-08-02T03:00,93,2.10,995.4
2024-08-02T04:00,92,1.80,995.8
2024-08-02T05:00,93,3.80,996.2
2024-08-02T06:00,92,1.30,996.7
2024-08-02T07:00,92,1.40,997.3
2024-08-02T08:00,91,0.50,997.9
2024-08-02T09:00,88,0.70,998.5
2024-08-02T10:00,84,0.20,998.3
2024-08-02T11:00,77,0.10,997.9
2024-08-02T12:00,74,0.10,997.2
2024-08-02T13:00,86,5.80,997.0
2024-08-02T14:00,86,0.50,996.5
2024-08-02T15:00,83,0.10,996.7
2024-08-02T16:00,85,0.10,996.9
2024-08-02T17:00,85,0.00,997.4
2024-08-02T18:00,89,0.00,997.4
2024-08-02T19:00,88,0.00,998.7
2024-08-02T20:00,89,0.00,999.6
2024-08-02T21:00,89,0.00,1000.3
2024-08-02T22:00,89,0.00,1000.4
2024-08-02T23:00,90,0.00,1000.4
2024-08-03T00:00,95,1.20,1000.1
2024-08-03T01:00,95,4.20,999.6
2024-08-03T02:00,94,0.90,999.1
2024-08-03T03:00,94,1.40,999.1
2024-08-03T04:00,94,0.30,999.4
2024-08-03T05:00,95,0.40,1000.0
2024-08-03T06:00,94,4.30,1000.3
2024-08-03T07:00,90,0.70,1001.0
2024-08-03T08:00,87,0.20,1001.3
2024-08-03T09:00,81,0.20,1001.7
2024-08-03T10:00,80,0.10,1001.5
2024-08-03T11:00,72,0.10,1000.9
2024-08-03T12:00,71,0.00,1000.0
2024-08-03T13:00,80,1.20,999.3
2024-08-03T14:00,75,0.10,998.9
2024-08-03T15:00,81,0.20,999.1
2024-08-03T16:00,84,2.20,999.1
2024-08-03T17:00,86,1.50,999.7
2024-08-03T18:00,91,0.20,1000.7
2024-08-03T19:00,96,0.50,1002.1
2024-08-03T20:00,93,0.30,1002.9
2024-08-03T21:00,94,0.00,1003.6
2024-08-03T22:00,93,0.10,1003.9
2024-08-03T23:00,94,0.00,1003.8
2024-08-04T00:00,95,0.00,1003.2
2024-08-04T01:00,94,0.20,1003.0
2024-08-04T02:00,96,2.70,1002.7
2024-08-04T03:00,98,7.10,1003.0
2024-08-04T04:00,98,1.50,1003.1
2024-08-04T05:00,96,0.90,1003.5
2024-08-04T06:00,94,0.00,1002.8
2024-08-04T07:00,90,0.00,1003.7
2024-08-04T08:00,84,0.10,1004.2
2024-08-04T09:00,80,0.20,1004.6
2024-08-04T10:00,78,0.60,1004.5
2024-08-04T11:00,77,0.70,1003.9
2024-08-04T12:00,90,5.70,1003.2
2024-08-04T13:00,92,7.10,1002.3
2024-08-04T14:00,90,0.50,1001.2
2024-08-04T15:00,84,0.10,1000.5
2024-08-04T16:00,82,0.10,1000.7
2024-08-04T17:00,88,1.60,1000.9
2024-08-04T18:00,84,0.00,1002.0
2024-08-04T19:00,86,0.00,1002.8
2024-08-04T20:00,89,0.00,1003.6
2024-08-04T21:00,90,0.00,1004.1
2024-08-04T22:00,92,0.00,1004.2
2024-08-04T23:00,93,0.00,1003.8
2024-08-05T00:00,94,0.00,1003.5
2024-08-05T01:00,95,3.50,1002.9
2024-08-05T02:00,93,21.80,1002.5
2024-08-05T03:00,94,8.60,1002.7
2024-08-05T04:00,96,7.10,1002.4
2024-08-05T05:00,95,5.20,1002.9
2024-08-05T06:00,91,0.00,1003.2
2024-08-05T07:00,88,0.20,1003.5
2024-08-05T08:00,84,0.00,1003.7
2024-08-05T09:00,78,0.00,1003.8
2024-08-05T10:00,75,0.10,1003.2
2024-08-05T11:00,74,0.10,1002.6
2024-08-05T12:00,72,0.10,1001.9
2024-08-05T13:00,70,0.20,1000.5
2024-08-05T14:00,90,4.80,1000.2
2024-08-05T15:00,87,0.20,1000.0
2024-08-05T16:00,83,0.10,999.5
2024-08-05T17:00,83,0.00,1000.1
2024-08-05T18:00,86,0.00,1001.0
2024-08-05T19:00,89,0.00,1001.4
2024-08-05T20:00,91,0.00,1002.2
2024-08-05T21:00,93,0.00,1002.6
2024-08-05T22:00,93,0.00,1002.8
2024-08-05T23:00,92,0.00,1002.2
2024-08-06T00:00,93,0.00,1001.3
2024-08-06T01:00,93,0.00,1000.8
2024-08-06T02:00,93,0.00,1000.5
2024-08-06T03:00,93,0.00,1000.2
2024-08-06T04:00,94,0.00,1000.2
2024-08-06T05:00,94,0.00,1000.4
2024-08-06T06:00,92,0.10,1001.1
2024-08-06T07:00,90,0.10,1001.4
2024-08-06T08:00,84,0.00,1002.0
2024-08-06T09:00,81,0.00,1001.8
2024-08-06T10:00,76,0.10,1001.4
2024-08-06T11:00,73,0.00,1000.8
2024-08-06T12:00,83,0.60,1000.2
2024-08-06T13:00,82,0.00,999.2
2024-08-06T14:00,76,0.10,998.6
2024-08-06T15:00,86,3.00,998.6
2024-08-06T16:00,84,0.10,998.1
2024-08-06T17:00,84,0.10,998.6
2024-08-06T18:00,87,0.10,999.4
2024-08-06T19:00,88,0.10,1000.3
2024-08-06T20:00,89,0.00,1001.1
2024-08-06T21:00,91,0.00,1001.6
2024-08-06T22:00,92,0.00,1001.6
2024-08-06T23:00,93,0.00,1001.4
2024-08-07T00:00,94,0.00,1000.4
2024-08-07T01:00,94,0.00,999.8
2024-08-07T02:00,94,0.00,999.8
2024-08-07T03:00,95,0.00,999.7
2024-08-07T04:00,94,0.00,999.9
2024-08-07T05:00,93,0.00,1000.5
2024-08-07T06:00,89,0.10,1000.4
2024-08-07T07:00,85,0.00,1001.2
2024-08-07T08:00,79,0.20,1002.0
2024-08-07T09:00,82,3.20,1001.9
2024-08-07T10:00,81,0.10,1001.3
2024-08-07T11:00,75,0.10,1000.6
2024-08-07T12:00,82,2.60,1000.2
2024-08-07T13:00,84,1.60,998.8
2024-08-07T14:00,77,0.10,998.0
2024-08-07T15:00,77,0.20,997.6
2024-08-07T16:00,79,2.20,997.9
2024-08-07T17:00,79,0.00,998.7
2024-08-07T18:00,87,0.00,1000.1
2024-08-07T19:00,88,0.00,1000.8
2024-08-07T20:00,90,0.00,1001.6
2024-08-07T21:00,90,0.00,1002.0
2024-08-07T22:00,90,0.00,1002.2
2024-08-07T23:00,90,0.00,1002.2
2024-08-08T00:00,91,0.00,1001.6
2024-08-08T01:00,91,0.00,1001.0
2024-08-08T02:00,92,0.00,1000.9
2024-08-08T03:00,93,0.00,1000.8
2024-08-08T04:00,93,0.00,1001.3
2024-08-08T05:00,93,0.00,1001.7
2024-08-08T06:00,89,0.20,1002.4
2024-08-08T07:00,86,0.00,1003.3
2024-08-08T08:00,82,0.20,1003.7
2024-08-08T09:00,82,0.80,1004.0
2024-08-08T10:00,81,0.60,1003.8
2024-08-08T11:00,78,0.20,1003.1
2024-08-08T12:00,72,0.20,1002.0
2024-08-08T13:00,72,0.30,1001.2
2024-08-08T14:00,73,0.10,1000.5
2024-08-08T15:00,72,0.00,1000.1
2024-08-08T16:00,75,0.00,1000.4
2024-08-08T17:00,78,0.00,1001.1
2024-08-08T18:00,85,0.00,1001.9
2024-08-08T19:00,86,0.00,1003.2
2024-08-08T20:00,86,0.00,1003.9
2024-08-08T21:00,88,0.00,1004.0
2024-08-08T22:00,88,0.00,1004.3
2024-08-08T23:00,89,0.00,1003.9
2024-08-09T00:00,89,0.00,1003.2
2024-08-09T01:00,89,0.00,1002.6
2024-08-09T02:00,91,0.60,1002.7
2024-08-09T03:00,91,0.00,1002.8
2024-08-09T04:00,92,0.00,1003.2
2024-08-09T05:00,93,0.00,1003.7
2024-08-09T06:00,90,0.60,1003.9
2024-08-09T07:00,88,1.10,1005.3
2024-08-09T08:00,86,1.30,1005.1
2024-08-09T09:00,84,0.50,1005.0
2024-08-09T10:00,84,0.50,1005.1
2024-08-09T11:00,76,0.40,1004.3
2024-08-09T12:00,79,1.80,1003.6
2024-08-09T13:00,74,0.00,1002.0
2024-08-09T14:00,73,0.10,1001.6
2024-08-09T15:00,73,0.00,1001.3
2024-08-09T16:00,77,0.20,1001.3
2024-08-09T17:00,81,0.10,1001.8
2024-08-09T18:00,83,0.00,1002.2
2024-08-09T19:00,85,0.00,1003.2
2024-08-09T20:00,88,0.00,1003.8
2024-08-09T21:00,88,0.00,1004.4
2024-08-09T22:00,90,0.20,1004.9
2024-08-09T23:00,93,0.30,1004.0
2024-08-10T00:00,94,0.20,1003.1
2024-08-10T01:00,96,2.00,1003.1
2024-08-10T02:00,96,3.00,1002.9
2024-08-10T03:00,96,0.20,1002.7
2024-08-10T04:00,96,0.20,1003.0
2024-08-10T05:00,97,0.80,1003.0
2024-08-10T06:00,93,7.20,1003.5
2024-08-10T07:00,94,0.80,1004.2
2024-08-10T08:00,90,0.70,1004.2
2024-08-10T09:00,86,0.30,1004.5
2024-08-10T10:00,86,0.40,1004.3
2024-08-10T11:00,82,0.30,1003.2
2024-08-10T12:00,77,0.20,1002.1
2024-08-10T13:00,73,0.10,1000.9
2024-08-10T14:00,76,1.50,1000.0
2024-08-10T15:00,79,0.70,999.5
2024-08-10T16:00,76,0.00,1000.0
2024-08-10T17:00,90,2.20,1000.7
2024-08-10T18:00,87,0.20,1001.2
2024-08-10T19:00,88,0.10,1001.9
2024-08-10T20:00,89,0.00,1003.0
2024-08-10T21:00,90,0.00,1003.1
2024-08-10T22:00,93,0.00,1003.1
2024-08-10T23:00,94,0.90,1002.9
2024-08-11T00:00,93,0.70,1002.1
2024-08-11T01:00,96,1.60,1001.6
2024-08-11T02:00,97,7.60,1002.0
2024-08-11T03:00,97,4.50,1001.6
2024-08-11T04:00,97,0.40,1001.4
2024-08-11T05:00,96,0.30,1002.4
2024-08-11T06:00,95,0.20,1002.3
2024-08-11T07:00,91,0.20,1003.0
2024-08-11T08:00,88,0.30,1003.5
2024-08-11T09:00,83,0.20,1003.5
2024-08-11T10:00,76,0.10,1002.9
2024-08-11T11:00,72,0.00,1002.3
2024-08-11T12:00,69,0.00,1001.3
2024-08-11T13:00,65,0.00,1000.5
2024-08-11T14:00,74,0.50,1000.0
2024-08-11T15:00,75,0.30,998.9
2024-08-11T16:00,75,0.20,999.0
2024-08-11T17:00,81,0.10,1000.0
2024-08-11T18:00,87,0.00,1000.6
2024-08-11T19:00,86,0.00,1001.3
2024-08-11T20:00,89,0.00,1001.7
2024-08-11T21:00,90,0.00,1002.5
2024-08-11T22:00,92,0.00,1002.9
2024-08-11T23:00,93,0.00,1002.6
2024-08-12T00:00,94,0.60,1002.4
2024-08-12T01:00,96,0.60,1002.1
2024-08-12T02:00,96,0.00,1001.8
2024-08-12T03:00,96,0.00,1001.7
2024-08-12T04:00,96,0.60,1001.9
2024-08-12T05:00,96,0.70,1002.1
2024-08-12T06:00,87,0.00,1002.9
2024-08-12T07:00,83,0.00,1003.6
2024-08-12T08:00,80,0.10,1003.5
2024-08-12T09:00,73,0.00,1003.3
2024-08-12T10:00,71,0.00,1003.1
2024-08-12T11:00,70,0.10,1002.7
2024-08-12T12:00,70,0.10,1001.4
2024-08-12T13:00,78,0.60,1000.9
2024-08-12T14:00,80,0.20,1000.3
2024-08-12T15:00,77,0.10,999.9
2024-08-12T16:00,76,0.00,999.9
2024-08-12T17:00,85,3.00,1000.8
2024-08-12T18:00,82,0.00,1001.1
2024-08-12T19:00,84,0.00,1001.8
2024-08-12T20:00,86,0.00,1002.6
2024-08-12T21:00,89,0.00,1002.9
2024-08-12T22:00,92,0.00,1003.2
2024-08-12T23:00,93,0.00,1002.9
2024-08-13T00:00,94,0.00,1002.2
2024-08-13T01:00,94,0.00,1001.6
2024-08-13T02:00,94,1.00,1001.8
2024-08-13T03:00,96,0.20,1002.0
2024-08-13T04:00,97,2.00,1002.5
2024-08-13T05:00,96,1.30,1002.7
2024-08-13T06:00,93,0.10,1003.6
2024-08-13T07:00,87,0.00,1003.8
2024-08-13T08:00,83,0.10,1004.1
2024-08-13T09:00,80,0.10,1004.3
2024-08-13T10:00,74,0.20,1003.8
2024-08-13T11:00,72,0.20,1003.2
2024-08-13T12:00,71,0.10,1002.1
2024-08-13T13:00,91,3.70,1001.3
2024-08-13T14:00,85,0.40,1000.5
2024-08-13T15:00,78,0.10,999.8
2024-08-13T16:00,79,0.00,1000.2
2024-08-13T17:00,79,0.00,1000.8
2024-08-13T18:00,88,0.00,1001.8
2024-08-13T19:00,87,0.00,1002.7
2024-08-13T20:00,89,0.00,1003.7
2024-08-13T21:00,92,0.00,1004.2
2024-08-13T22:00,93,0.00,1003.6
2024-08-13T23:00,95,0.60,1003.5
2024-08-14T00:00,95,7.60,1002.9
2024-08-14T01:00,95,0.40,1001.9
2024-08-14T02:00,98,4.00,1002.2
2024-08-14T03:00,99,3.80,1001.7
2024-08-14T04:00,98,0.40,1001.8
2024-08-14T05:00,99,3.10,1003.0
2024-08-14T06:00,95,9.50,1003.3
2024-08-14T07:00,94,6.60,1004.4
2024-08-14T08:00,91,7.80,1004.4
2024-08-14T09:00,85,0.30,1004.2
2024-08-14T10:00,79,0.10,1003.9
2024-08-14T11:00,77,0.00,1003.4
2024-08-14T12:00,73,0.00,1001.6
2024-08-14T13:00,70,0.00,1000.4
2024-08-14T14:00,70,0.10,999.4
2024-08-14T15:00,80,1.30,998.7
2024-08-14T16:00,82,0.10,999.6
2024-08-14T17:00,85,0.10,1000.2
2024-08-14T18:00,89,0.00,1001.1
2024-08-14T19:00,91,0.00,1001.8
2024-08-14T20:00,92,0.00,1003.0
2024-08-14T21:00,95,0.00,1003.1
2024-08-14T22:00,95,0.00,1003.2
2024-08-14T23:00,93,0.00,1002.4
2024-08-15T00:00,93,0.00,1001.9
2024-08-15T01:00,96,1.00,1001.7
2024-08-15T02:00,94,0.20,1001.0
2024-08-15T03:00,95,0.10,1001.2
2024-08-15T04:00,94,0.00,1001.1
2024-08-15T05:00,96,0.00,1001.5
2024-08-15T06:00,92,0.00,1002.2
2024-08-15T07:00,90,0.00,1002.3
2024-08-15T08:00,89,0.10,1002.5
2024-08-15T09:00,82,0.00,1002.7
2024-08-15T10:00,77,0.10,1002.2
2024-08-15T11:00,72,0.10,1001.1
2024-08-15T12:00,72,0.20,1000.3
2024-08-15T13:00,72,3.50,999.8
2024-08-15T14:00,84,1.30,998.9
2024-08-15T15:00,81,0.10,998.5
2024-08-15T16:00,80,0.10,998.1
2024-08-15T17:00,82,0.00,999.1
2024-08-15T18:00,86,0.00,1000.0
2024-08-15T19:00,89,0.00,1000.9
2024-08-15T20:00,92,0.00,1001.9
2024-08-15T21:00,94,0.00,1002.5
2024-08-15T22:00,95,0.00,1002.6
2024-08-15T23:00,96,0.00,1002.0
2024-08-16T00:00,98,0.00,1001.5
2024-08-16T01:00,97,0.00,1001.0
2024-08-16T02:00,96,0.00,1000.6
2024-08-16T03:00,96,0.10,1000.7
2024-08-16T04:00,96,0.00,1000.6
2024-08-16T05:00,96,0.00,1001.4
2024-08-16T06:00,94,0.00,1000.6
2024-08-16T07:00,86,0.10,1000.9
2024-08-16T08:00,80,0.10,1001.5
2024-08-16T09:00,78,0.20,1002.3
2024-08-16T10:00,79,0.10,1002.3
2024-08-16T11:00,75,0.00,1001.5
2024-08-16T12:00,75,0.00,1000.2
2024-08-16T13:00,75,0.20,999.3
2024-08-16T14:00,75,0.00,998.4
2024-08-16T15:00,79,0.00,998.1
2024-08-16T16:00,81,0.20,997.9
2024-08-16T17:00,84,0.00,998.4
2024-08-16T18:00,92,0.00,999.5
2024-08-16T19:00,89,0.00,1000.7
2024-08-16T20:00,91,0.00,1001.5
2024-08-16T21:00,89,0.00,1002.4
2024-08-16T22:00,94,0.00,1002.6
2024-08-16T23:00,92,0.70,1002.5
2024-08-17T00:00,95,0.10,1001.8
2024-08-17T01:00,94,0.30,1001.8
2024-08-17T02:00,94,0.20,1001.5
2024-08-17T03:00,96,0.00,1001.2
2024-08-17T04:00,98,0.00,1001.5
2024-08-17T05:00,97,0.00,1002.0
2024-08-17T06:00,94,0.00,1002.1
2024-08-17T07:00,87,0.00,1002.7
2024-08-17T08:00,81,0.00,1003.1
2024-08-17T09:00,79,0.00,1003.1
2024-08-17T10:00,76,0.00,1002.7
2024-08-17T11:00,73,0.20,1002.2
2024-08-17T12:00,72,0.20,1001.5
2024-08-17T13:00,72,0.10,999.8
2024-08-17T14:00,71,0.10,998.7
2024-08-17T15:00,82,0.80,998.9
2024-08-17T16:00,86,0.20,999.6
2024-08-17T17:00,92,2.60,1000.8
2024-08-17T18:00,88,0.80,1001.0
2024-08-17T19:00,92,2.20,1002.1
2024-08-17T20:00,94,0.00,1002.6
2024-08-17T21:00,97,0.00,1002.8
2024-08-17T22:00,97,0.00,1003.0
2024-08-17T23:00,97,0.00,1002.4
2024-08-18T00:00,98,0.00,1002.2
2024-08-18T01:00,98,0.00,1002.0
2024-08-18T02:00,97,0.10,1001.8
2024-08-18T03:00,97,0.20,1001.6
2024-08-18T04:00,96,0.30,1001.8
2024-08-18T05:00,96,0.30,1002.2
2024-08-18T06:00,87,0.00,1001.9
2024-08-18T07:00,84,0.00,1002.3
2024-08-18T08:00,80,0.10,1002.9
2024-08-18T09:00,87,1.80,1003.3
2024-08-18T10:00,84,0.30,1002.9
2024-08-18T11:00,77,0.20,1002.1
2024-08-18T12:00,75,0.10,1001.0
2024-08-18T13:00,76,0.20,1000.1
2024-08-18T14:00,75,0.10,999.2
2024-08-18T15:00,74,0.20,998.6
2024-08-18T16:00,75,0.20,998.7
2024-08-18T17:00,91,3.80,999.6
2024-08-18T18:00,93,0.20,1000.0
2024-08-18T19:00,92,0.10,1000.8
2024-08-18T20:00,94,1.00,1001.5
2024-08-18T21:00,96,5.80,1002.0
2024-08-18T22:00,97,3.90,1002.0
2024-08-18T23:00,96,2.90,1001.8
2024-08-19T00:00,96,0.50,1001.0
2024-08-19T01:00,96,0.30,1000.6
2024-08-19T02:00,96,0.00,1000.1
2024-08-19T03:00,96,0.20,1000.0
2024-08-19T04:00,95,0.20,1000.4
2024-08-19T05:00,96,0.00,1000.8
2024-08-19T06:00,95,0.10,1001.1
2024-08-19T07:00,92,0.10,1001.8
2024-08-19T08:00,90,0.10,1002.1
2024-08-19T09:00,81,0.10,1002.5
2024-08-19T10:00,78,0.10,1002.3
2024-08-19T11:00,75,0.10,1001.6
2024-08-19T12:00,73,0.00,1000.4
2024-08-19T13:00,80,1.00,999.7
2024-08-19T14:00,79,0.30,999.1
2024-08-19T15:00,89,0.70,999.0
2024-08-19T16:00,87,0.20,998.9
2024-08-19T17:00,88,0.10,999.3
2024-08-19T18:00,91,0.20,1000.1
2024-08-19T19:00,94,0.20,1001.3
2024-08-19T20:00,95,0.00,1002.0
2024-08-19T21:00,96,0.00,1002.7
2024-08-19T22:00,96,0.70,1003.2
2024-08-19T23:00,95,0.10,1002.6
2024-08-20T00:00,96,0.10,1002.0
2024-08-20T01:00,96,0.10,1001.4
2024-08-20T02:00,97,1.00,1001.3
2024-08-20T03:00,97,1.30,1000.8
2024-08-20T04:00,98,2.60,1001.5
2024-08-20T05:00,98,0.30,1001.9
2024-08-20T06:00,96,0.40,1002.4
2024-08-20T07:00,96,0.30,1002.8
2024-08-20T08:00,91,1.30,1003.3
2024-08-20T09:00,82,0.20,1003.9
2024-08-20T10:00,77,0.20,1003.5
2024-08-20T11:00,74,0.30,1003.0
2024-08-20T12:00,77,0.40,1002.2
2024-08-20T13:00,79,0.70,1001.3
2024-08-20T14:00,90,10.10,1000.7
2024-08-20T15:00,85,3.60,1000.8
2024-08-20T16:00,90,1.20,1000.8
2024-08-20T17:00,90,0.10,1001.2
2024-08-20T18:00,94,0.00,1002.2
2024-08-20T19:00,93,0.00,1002.9
2024-08-20T20:00,93,0.00,1003.9
2024-08-20T21:00,93,0.00,1004.6
2024-08-20T22:00,93,0.00,1004.7
2024-08-20T23:00,95,0.00,1004.7
2024-08-21T00:00,94,2.10,1004.4
2024-08-21T01:00,95,1.10,1003.6
2024-08-21T02:00,95,2.40,1003.7
2024-08-21T03:00,96,2.00,1003.7
2024-08-21T04:00,96,0.50,1003.9
2024-08-21T05:00,94,0.00,1004.1
2024-08-21T06:00,94,0.00,1004.1
2024-08-21T07:00,88,0.00,1005.2
2024-08-21T08:00,85,0.10,1004.9
2024-08-21T09:00,78,0.20,1004.8
2024-08-21T10:00,75,0.10,1004.9
2024-08-21T11:00,75,0.40,1004.3
2024-08-21T12:00,74,0.40,1003.0
2024-08-21T13:00,87,7.50,1002.3
2024-08-21T14:00,85,3.20,1002.2
2024-08-21T15:00,86,0.10,1001.9
2024-08-21T16:00,85,0.10,1001.2
2024-08-21T17:00,88,0.30,1001.5
2024-08-21T18:00,91,0.00,1002.4
2024-08-21T19:00,93,1.20,1003.2
2024-08-21T20:00,95,0.00,1003.9
2024-08-21T21:00,94,0.00,1004.0
2024-08-21T22:00,93,0.00,1004.4
2024-08-21T23:00,95,0.00,1003.8
2024-08-22T00:00,96,0.00,1003.4
2024-08-22T01:00,96,0.00,1002.8
2024-08-22T02:00,95,0.00,1002.6
2024-08-22T03:00,95,0.00,1002.6
2024-08-22T04:00,96,0.00,1002.3
2024-08-22T05:00,96,0.00,1002.7
2024-08-22T06:00,92,0.00,1003.3
2024-08-22T07:00,89,0.00,1003.5
2024-08-22T08:00,82,0.10,1004.3
2024-08-22T09:00,78,0.50,1003.9
2024-08-22T10:00,77,0.40,1003.6
2024-08-22T11:00,78,0.60,1002.9
2024-08-22T12:00,89,10.50,1002.4
2024-08-22T13:00,88,0.30,1001.6
2024-08-22T14:00,85,0.30,1000.7
2024-08-22T15:00,84,0.30,999.8
2024-08-22T16:00,85,0.30,1000.3
2024-08-22T17:00,89,0.10,1000.9
2024-08-22T18:00,85,0.00,1001.6
2024-08-22T19:00,94,0.10,1002.1
2024-08-22T20:00,95,1.20,1003.0
2024-08-22T21:00,95,10.00,1003.5
2024-08-22T22:00,95,5.00,1003.8
2024-08-22T23:00,96,4.80,1004.1
2024-08-23T00:00,97,1.00,1003.4
2024-08-23T01:00,97,4.90,1002.7
2024-08-23T02:00,97,0.80,1002.2
2024-08-23T03:00,98,1.10,1002.3
2024-08-23T04:00,97,2.20,1002.2
2024-08-23T05:00,98,0.60,1002.7
2024-08-23T06:00,95,2.50,1003.8
2024-08-23T07:00,94,1.10,1003.9
2024-08-23T08:00,89,0.30,1004.1
2024-08-23T09:00,86,0.20,1004.2
2024-08-23T10:00,86,0.10,1003.7
2024-08-23T11:00,84,0.30,1003.4
2024-08-23T12:00,81,0.20,1002.7
2024-08-23T13:00,80,0.20,1001.5
2024-08-23T14:00,82,0.20,1000.6
2024-08-23T15:00,89,3.30,1000.7
2024-08-23T16:00,92,0.70,1000.4
2024-08-23T17:00,94,0.30,1001.1
2024-08-23T18:00,94,2.40,1002.5
2024-08-23T19:00,94,1.30,1003.4
2024-08-23T20:00,95,0.40,1004.2
2024-08-23T21:00,95,0.10,1004.7
2024-08-23T22:00,95,0.20,1004.7
2024-08-23T23:00,96,0.10,1004.3
2024-08-24T00:00,96,0.10,1004.0
2024-08-24T01:00,96,0.00,1003.3
2024-08-24T02:00,96,0.00,1002.9
2024-08-24T03:00,96,0.00,1002.9
2024-08-24T04:00,97,0.10,1002.9
2024-08-24T05:00,97,0.00,1003.2
2024-08-24T06:00,96,1.40,1004.4
2024-08-24T07:00,97,1.30,1005.1
2024-08-24T08:00,98,3.80,1005.1
2024-08-24T09:00,97,5.00,1005.2
2024-08-24T10:00,93,2.40,1004.9
2024-08-24T11:00,90,0.50,1004.4
2024-08-24T12:00,91,1.40,1003.3
2024-08-24T13:00,89,2.30,1002.0
2024-08-24T14:00,90,2.00,1000.8
2024-08-24T15:00,88,0.60,1000.5
2024-08-24T16:00,88,0.20,1000.6
2024-08-24T17:00,91,0.10,1000.6
2024-08-24T18:00,94,0.20,1002.0
2024-08-24T19:00,95,0.10,1002.7
2024-08-24T20:00,96,0.00,1003.1
2024-08-24T21:00,95,0.00,1003.4
2024-08-24T22:00,95,0.00,1003.8
2024-08-24T23:00,97,0.00,1003.6
2024-08-25T00:00,98,0.00,1003.0
2024-08-25T01:00,96,0.00,1002.2
2024-08-25T02:00,98,0.20,1001.9
2024-08-25T03:00,98,0.90,1002.0
2024-08-25T04:00,97,0.50,1002.0
2024-08-25T05:00,96,0.30,1002.5
2024-08-25T06:00,95,0.60,1002.9
2024-08-25T07:00,93,0.30,1003.4
2024-08-25T08:00,88,0.10,1003.2
2024-08-25T09:00,88,0.10,1002.9
2024-08-25T10:00,85,0.20,1002.4
2024-08-25T11:00,85,0.30,1002.1
2024-08-25T12:00,83,0.40,1001.4
2024-08-25T13:00,85,0.80,1000.2
2024-08-25T14:00,83,2.20,999.6
2024-08-25T15:00,89,0.90,999.3
2024-08-25T16:00,91,1.40,999.1
2024-08-25T17:00,93,2.40,999.2
2024-08-25T18:00,89,1.50,1000.0
2024-08-25T19:00,91,0.60,1000.3
2024-08-25T20:00,91,1.60,1001.2
2024-08-25T21:00,92,1.90,1001.2
2024-08-25T22:00,95,3.20,1001.3
2024-08-25T23:00,96,2.50,1000.7
2024-08-26T00:00,97,3.00,1000.0
2024-08-26T01:00,97,4.10,999.5
2024-08-26T02:00,97,3.20,999.2
2024-08-26T03:00,98,2.60,999.2
2024-08-26T04:00,98,2.20,999.4
2024-08-26T05:00,96,2.10,1000.0
2024-08-26T06:00,95,1.00,1000.1
2024-08-26T07:00,95,0.80,1000.6
2024-08-26T08:00,88,0.40,1000.9
2024-08-26T09:00,82,0.40,1001.3
2024-08-26T10:00,79,0.20,1001.2
2024-08-26T11:00,79,0.40,1000.7
2024-08-26T12:00,82,5.10,1000.2
2024-08-26T13:00,91,8.70,999.8
2024-08-26T14:00,85,0.60,999.5
2024-08-26T15:00,85,2.30,999.1
2024-08-26T16:00,87,0.30,999.2
2024-08-26T17:00,90,0.20,999.7
2024-08-26T18:00,93,0.30,1000.4
2024-08-26T19:00,93,0.30,1001.4
2024-08-26T20:00,94,0.40,1002.7
2024-08-26T21:00,93,0.00,1002.9
2024-08-26T22:00,94,0.00,1003.2
2024-08-26T23:00,95,2.20,1003.2
2024-08-27T00:00,95,5.80,1002.7
2024-08-27T01:00,95,2.50,1002.4
2024-08-27T02:00,95,3.20,1002.4
2024-08-27T03:00,96,0.20,1002.5
2024-08-27T04:00,96,1.80,1002.5
2024-08-27T05:00,97,2.00,1003.2
2024-08-27T06:00,94,0.40,1003.6
2024-08-27T07:00,91,0.20,1004.4
2024-08-27T08:00,89,0.10,1005.0
2024-08-27T09:00,87,0.20,1005.1
2024-08-27T10:00,86,0.30,1005.0
2024-08-27T11:00,80,0.20,1004.4
2024-08-27T12:00,89,4.80,1003.6
2024-08-27T13:00,85,0.10,1002.4
2024-08-27T14:00,80,0.20,1001.9
2024-08-27T15:00,79,0.10,1001.5
2024-08-27T16:00,80,0.00,1000.9
2024-08-27T17:00,84,0.00,1001.7
2024-08-27T18:00,93,0.00,1002.9
2024-08-27T19:00,96,0.00,1004.1
2024-08-27T20:00,96,0.10,1004.6
2024-08-27T21:00,95,0.00,1004.7
2024-08-27T22:00,95,0.00,1004.8
2024-08-27T23:00,97,0.00,1004.8
2024-08-28T00:00,98,0.00,1004.5
2024-08-28T01:00,98,0.00,1003.9
2024-08-28T02:00,99,0.00,1003.2
2024-08-28T03:00,99,0.00,1003.3
2024-08-28T04:00,99,0.00,1003.3
2024-08-28T05:00,98,0.00,1003.4
2024-08-28T06:00,94,0.00,1004.1
2024-08-28T07:00,87,0.10,1004.8
2024-08-28T08:00,83,0.00,1005.2
2024-08-28T09:00,79,0.10,1005.0
2024-08-28T10:00,76,0.00,1004.5
2024-08-28T11:00,72,0.10,1003.7
2024-08-28T12:00,74,0.20,1002.5
2024-08-28T13:00,78,2.80,1001.9
2024-08-28T14:00,86,0.50,1001.5
2024-08-28T15:00,87,0.20,1000.0
2024-08-28T16:00,86,0.10,999.9
2024-08-28T17:00,87,0.20,1000.8
2024-08-28T18:00,84,0.00,1001.7
2024-08-28T19:00,85,0.00,1002.4
2024-08-28T20:00,85,0.00,1003.1
2024-08-28T21:00,89,0.00,1003.8
2024-08-28T22:00,90,0.00,1003.4
2024-08-28T23:00,94,0.00,1003.0
2024-08-29T00:00,95,0.00,1002.9
2024-08-29T01:00,95,0.00,1002.4
2024-08-29T02:00,97,0.00,1002.1
2024-08-29T03:00,97,0.00,1001.5
2024-08-29T04:00,97,0.00,1001.4
2024-08-29T05:00,97,0.00,1002.1
2024-08-29T06:00,92,0.00,1003.2
2024-08-29T07:00,84,0.00,1003.8
2024-08-29T08:00,76,0.00,1004.0
2024-08-29T09:00,72,0.10,1004.0
2024-08-29T10:00,68,0.10,1004.0
2024-08-29T11:00,68,0.20,1003.3
2024-08-29T12:00,71,0.10,1002.0
2024-08-29T13:00,70,0.10,1000.4
2024-08-29T14:00,73,1.20,999.0
2024-08-29T15:00,71,0.00,998.8
2024-08-29T16:00,77,0.80,999.6
2024-08-29T17:00,81,0.10,1000.3
2024-08-29T18:00,77,0.50,1001.5
2024-08-29T19:00,87,0.00,1002.5
2024-08-29T20:00,88,0.00,1003.5
2024-08-29T21:00,90,0.00,1003.9
2024-08-29T22:00,92,0.00,1003.8
2024-08-29T23:00,94,0.00,1003.4
2024-08-30T00:00,96,0.00,1002.9
2024-08-30T01:00,96,0.00,1002.3
2024-08-30T02:00,97,0.00,1002.0
2024-08-30T03:00,98,0.00,1002.4
2024-08-30T04:00,98,0.00,1002.5
2024-08-30T05:00,98,0.00,1002.6
2024-08-30T06:00,92,0.00,1003.8
2024-08-30T07:00,85,0.00,1004.2
2024-08-30T08:00,79,0.00,1004.2
2024-08-30T09:00,72,0.00,1004.1
2024-08-30T10:00,68,0.00,1003.7
2024-08-30T11:00,66,0.10,1003.3
2024-08-30T12:00,64,0.00,1002.1
2024-08-30T13:00,67,0.10,1001.1
2024-08-30T14:00,71,1.30,1000.5
2024-08-30T15:00,81,1.70,1000.1
2024-08-30T16:00,78,0.00,999.9
2024-08-30T17:00,80,0.00,1000.0
2024-08-30T18:00,83,0.00,1001.5
2024-08-30T19:00,83,0.00,1002.4
2024-08-30T20:00,84,0.00,1003.2
2024-08-30T21:00,85,0.00,1003.6
2024-08-30T22:00,88,0.00,1003.9
2024-08-30T23:00,90,0.00,1003.8
2024-08-31T00:00,92,0.00,1003.5
2024-08-31T01:00,93,0.00,1002.7
2024-08-31T02:00,93,0.00,1002.0
2024-08-31T03:00,94,0.00,1002.4
2024-08-31T04:00,94,0.00,1002.8
2024-08-31T05:00,93,0.00,1003.2
2024-08-31T06:00,89,0.00,1003.4
2024-08-31T07:00,83,0.10,1003.5
2024-08-31T08:00,78,0.20,1004.0
2024-08-31T09:00,74,0.40,1003.6
2024-08-31T10:00,72,0.30,1003.2
2024-08-31T11:00,72,0.20,1002.8
2024-08-31T12:00,70,0.10,1002.1
2024-08-31T13:00,71,0.10,1001.1
2024-08-31T14:00,76,2.90,1000.9
2024-08-31T15:00,75,0.10,1000.3
2024-08-31T16:00,75,0.10,1000.3
2024-08-31T17:00,80,0.00,1000.6
2024-08-31T18:00,77,0.00,1002.1
2024-08-31T19:00,80,0.00,1003.1
2024-08-31T20:00,83,0.00,1003.8
2024-08-31T21:00,86,0.00,1004.2
2024-08-31T22:00,89,0.00,1004.3
2024-08-31T23:00,90,0.00,1004.0
2024-09-01T00:00,91,0.00,1003.6
2024-09-01T01:00,93,0.00,1003.2
2024-09-01T02:00,93,0.00,1003.0
2024-09-01T03:00,93,0.00,1003.0
2024-09-01T04:00,93,0.00,1003.1
2024-09-01T05:00,93,0.00,1003.6
2024-09-01T06:00,91,0.00,1004.3
2024-09-01T07:00,86,0.10,1005.1
2024-09-01T08:00,83,0.10,1005.4
2024-09-01T09:00,79,0.10,1005.6
2024-09-01T10:00,74,0.00,1005.5
2024-09-01T11:00,86,6.30,1005.4
2024-09-01T12:00,83,1.20,1004.1
2024-09-01T13:00,81,0.20,1002.7
2024-09-01T14:00,80,0.10,1002.0
2024-09-01T15:00,79,0.40,1001.5
2024-09-01T16:00,86,1.00,1001.7
2024-09-01T17:00,86,0.00,1001.8
2024-09-01T18:00,89,0.00,1003.4
2024-09-01T19:00,89,0.00,1003.9
2024-09-01T20:00,91,0.00,1004.4
2024-09-01T21:00,93,0.00,1004.9
2024-09-01T22:00,94,0.00,1005.3
2024-09-01T23:00,95,0.00,1005.4
2024-09-02T00:00,96,0.00,1005.1
2024-09-02T01:00,97,0.00,1004.5
2024-09-02T02:00,97,0.00,1004.3
2024-09-02T03:00,98,0.00,1004.1
2024-09-02T04:00,98,0.00,1003.8
2024-09-02T05:00,99,0.00,1004.0
2024-09-02T06:00,92,0.10,1005.2
2024-09-02T07:00,87,0.20,1005.8
2024-09-02T08:00,80,0.20,1006.4
2024-09-02T09:00,79,0.10,1006.4
2024-09-02T10:00,74,0.00,1006.0
2024-09-02T11:00,71,0.00,1005.1
2024-09-02T12:00,71,0.10,1003.7
2024-09-02T13:00,77,3.20,1002.6
2024-09-02T14:00,84,4.80,1002.2
2024-09-02T15:00,82,0.10,1002.0
2024-09-02T16:00,81,0.00,1001.9
2024-09-02T17:00,84,0.00,1002.1
2024-09-02T18:00,86,0.00,1003.3
2024-09-02T19:00,88,0.00,1004.3
2024-09-02T20:00,89,0.00,1005.0
2024-09-02T21:00,91,0.00,1005.2
2024-09-02T22:00,92,0.00,1005.6
2024-09-02T23:00,94,0.00,1005.3
2024-09-03T00:00,97,0.00,1005.0
2024-09-03T01:00,97,0.00,1004.5
2024-09-03T02:00,97,0.00,1004.2
2024-09-03T03:00,97,0.00,1003.9
2024-09-03T04:00,92,1.50,1004.7
2024-09-03T05:00,95,0.00,1004.8
2024-09-03T06:00,92,0.00,1005.2
2024-09-03T07:00,88,0.10,1006.0
2024-09-03T08:00,83,0.10,1006.1
2024-09-03T09:00,77,0.10,1006.1
2024-09-03T10:00,73,0.10,1006.0
2024-09-03T11:00,74,0.20,1005.4
2024-09-03T12:00,73,0.40,1004.1
2024-09-03T13:00,86,4.00,1003.3
2024-09-03T14:00,88,2.60,1003.0
2024-09-03T15:00,85,0.50,1002.6
2024-09-03T16:00,85,0.00,1002.6
2024-09-03T17:00,85,0.00,1002.8
2024-09-03T18:00,92,0.00,1003.5
2024-09-03T19:00,94,0.00,1004.4
2024-09-03T20:00,94,0.00,1005.3
2024-09-03T21:00,94,0.00,1005.7
2024-09-03T22:00,95,0.00,1005.6
2024-09-03T23:00,94,0.00,1005.3
2024-09-04T00:00,95,0.00,1004.8
2024-09-04T01:00,95,0.00,1004.1
2024-09-04T02:00,95,0.00,1003.7
2024-09-04T03:00,96,0.00,1003.5
2024-09-04T04:00,97,0.00,1003.5
2024-09-04T05:00,97,0.00,1003.3
2024-09-04T06:00,91,0.00,1003.9
2024-09-04T07:00,85,0.10,1004.2
2024-09-04T08:00,78,0.10,1004.4
2024-09-04T09:00,76,0.00,1004.7
2024-09-04T10:00,75,0.10,1004.1
2024-09-04T11:00,73,0.20,1003.2
2024-09-04T12:00,73,1.00,1001.8
2024-09-04T13:00,86,4.00,1000.9
2024-09-04T14:00,85,0.10,1000.1
2024-09-04T15:00,81,0.00,999.5
2024-09-04T16:00,78,0.00,999.2
2024-09-04T17:00,82,0.00,999.8
2024-09-04T18:00,88,0.00,1000.5
2024-09-04T19:00,89,0.00,1001.2
2024-09-04T20:00,90,0.00,1001.9
2024-09-04T21:00,90,0.00,1002.1
2024-09-04T22:00,90,0.00,1002.0
2024-09-04T23:00,91,0.00,1001.7
2024-09-05T00:00,91,0.00,1001.4
2024-09-05T01:00,92,0.00,1000.8
2024-09-05T02:00,94,0.00,1000.4
2024-09-05T03:00,95,0.00,1000.5
2024-09-05T04:00,96,0.00,1000.9
2024-09-05T05:00,96,0.00,1001.2
2024-09-05T06:00,90,0.00,1001.8
2024-09-05T07:00,83,0.00,1002.5
2024-09-05T08:00,76,0.00,1002.4
2024-09-05T09:00,70,0.00,1002.9
2024-09-05T10:00,67,0.10,1002.9
2024-09-05T11:00,67,0.20,1002.4
2024-09-05T12:00,69,0.00,1001.2
2024-09-05T13:00,69,0.10,999.5
2024-09-05T14:00,87,2.80,998.7
2024-09-05T15:00,81,0.10,998.5
2024-09-05T16:00,80,0.00,998.4
2024-09-05T17:00,81,0.00,998.9
2024-09-05T18:00,83,0.00,999.5
2024-09-05T19:00,85,0.00,1000.7
2024-09-05T20:00,88,0.10,1001.7
2024-09-05T21:00,89,0.00,1002.3
2024-09-05T22:00,93,0.00,1002.6
2024-09-05T23:00,93,0.00,1002.2
2024-09-06T00:00,89,0.00,1001.8
2024-09-06T01:00,93,0.00,1001.1
2024-09-06T02:00,96,0.00,1000.9
2024-09-06T03:00,97,0.00,1001.2
2024-09-06T04:00,97,0.00,1001.3
2024-09-06T05:00,97,0.00,1001.8
2024-09-06T06:00,92,0.00,1002.6
2024-09-06T07:00,87,0.00,1003.1
2024-09-06T08:00,81,0.00,1003.3
2024-09-06T09:00,76,0.00,1003.5
2024-09-06T10:00,73,0.10,1003.5
2024-09-06T11:00,72,0.10,1002.8
2024-09-06T12:00,71,0.10,1001.6
2024-09-06T13:00,70,0.10,1000.1
2024-09-06T14:00,75,0.00,999.0
2024-09-06T15:00,72,0.00,998.6
2024-09-06T16:00,71,0.10,998.6
2024-09-06T17:00,80,0.00,999.0
2024-09-06T18:00,75,0.00,1000.0
2024-09-06T19:00,79,0.00,1001.2
2024-09-06T20:00,86,0.00,1002.3
2024-09-06T21:00,89,0.00,1002.5
2024-09-06T22:00,93,0.00,1002.6
2024-09-06T23:00,92,0.00,1002.5
2024-09-07T00:00,93,0.00,1001.8
2024-09-07T01:00,97,0.40,1001.5
2024-09-07T02:00,96,5.30,1001.6
2024-09-07T03:00,96,0.10,1001.2
2024-09-07T04:00,98,0.00,1001.4
2024-09-07T05:00,98,0.00,1001.6
2024-09-07T06:00,91,0.00,1001.9
2024-09-07T07:00,84,0.00,1002.3
2024-09-07T08:00,77,0.00,1002.1
2024-09-07T09:00,73,0.00,1002.4
2024-09-07T10:00,69,0.00,1002.3
2024-09-07T11:00,67,0.10,1001.8
2024-09-07T12:00,66,0.00,1000.7
2024-09-07T13:00,66,0.00,999.4
2024-09-07T14:00,81,8.90,999.8
2024-09-07T15:00,81,0.10,998.9
2024-09-07T16:00,82,0.00,999.1
2024-09-07T17:00,83,0.00,999.8
2024-09-07T18:00,84,0.00,1000.7
2024-09-07T19:00,84,0.00,1001.7
2024-09-07T20:00,85,0.00,1002.3
2024-09-07T21:00,87,0.00,1002.9
2024-09-07T22:00,90,0.00,1003.1
2024-09-07T23:00,91,0.00,1002.6
2024-09-08T00:00,91,0.00,1002.6
2024-09-08T01:00,91,0.20,1001.8
2024-09-08T02:00,92,0.10,1001.4
2024-09-08T03:00,93,0.10,1001.1
2024-09-08T04:00,94,0.00,1001.2
2024-09-08T05:00,94,0.00,1001.6
2024-09-08T06:00,86,0.00,1001.6
2024-09-08T07:00,82,0.20,1002.5
2024-09-08T08:00,79,0.10,1002.6
2024-09-08T09:00,77,0.10,1003.0
2024-09-08T10:00,73,0.10,1002.6
2024-09-08T11:00,70,0.10,1001.5
2024-09-08T12:00,81,4.60,1001.3
2024-09-08T13:00,81,0.40,999.9
2024-09-08T14:00,81,0.20,998.7
2024-09-08T15:00,80,0.10,998.4
2024-09-08T16:00,80,0.00,998.2
2024-09-08T17:00,82,0.00,998.6
2024-09-08T18:00,85,0.10,999.8
2024-09-08T19:00,86,0.00,1000.4
2024-09-08T20:00,87,0.00,1000.9
2024-09-08T21:00,88,0.00,1001.2
2024-09-08T22:00,89,0.00,1001.4
2024-09-08T23:00,90,0.00,1001.0
2024-09-09T00:00,91,0.10,1000.4
2024-09-09T01:00,90,0.10,999.6
2024-09-09T02:00,92,0.00,999.2
2024-09-09T03:00,93,0.00,999.0
2024-09-09T04:00,93,0.00,999.0
2024-09-09T05:00,93,0.10,999.5
2024-09-09T06:00,86,0.10,999.8
2024-09-09T07:00,83,0.20,1000.3
2024-09-09T08:00,82,0.10,1000.5
2024-09-09T09:00,79,0.20,1000.4
2024-09-09T10:00,73,0.10,999.9
2024-09-09T11:00,71,0.00,999.3
2024-09-09T12:00,80,1.60,998.4
2024-09-09T13:00,74,0.10,996.9
2024-09-09T14:00,74,0.50,996.5
2024-09-09T15:00,74,0.30,995.8
2024-09-09T16:00,76,0.10,996.0
2024-09-09T17:00,80,0.00,996.5
2024-09-09T18:00,79,0.00,997.7
2024-09-09T19:00,83,0.00,999.0
2024-09-09T20:00,85,0.00,999.8
2024-09-09T21:00,86,0.00,1000.1
2024-09-09T22:00,88,0.00,999.8
2024-09-09T23:00,89,0.00,999.4
2024-09-10T00:00,91,0.00,999.1
2024-09-10T01:00,91,0.00,998.6
2024-09-10T02:00,89,0.10,998.5
2024-09-10T03:00,90,0.10,998.5
2024-09-10T04:00,92,0.00,998.9
2024-09-10T05:00,92,0.00,999.6
2024-09-10T06:00,88,0.00,999.8
2024-09-10T07:00,86,0.00,1000.6
2024-09-10T08:00,80,0.10,1000.8
2024-09-10T09:00,78,0.10,1001.0
2024-09-10T10:00,75,0.10,1000.3
2024-09-10T11:00,79,1.40,999.9
2024-09-10T12:00,71,0.10,998.7
2024-09-10T13:00,73,0.10,997.7
2024-09-10T14:00,77,0.60,996.9
2024-09-10T15:00,74,0.10,996.5
2024-09-10T16:00,75,0.00,996.8
2024-09-10T17:00,80,0.00,997.3
2024-09-10T18:00,83,0.00,998.2
2024-09-10T19:00,85,0.00,999.2
2024-09-10T20:00,88,0.00,1000.5
2024-09-10T21:00,89,0.50,1001.1
2024-09-10T22:00,92,0.00,1001.0
2024-09-10T23:00,93,0.20,1001.0
2024-09-11T00:00,94,0.00,1000.4
2024-09-11T01:00,92,0.10,999.6
2024-09-11T02:00,93,0.10,999.4
2024-09-11T03:00,94,0.00,999.6
2024-09-11T04:00,95,0.00,999.7
2024-09-11T05:00,96,0.00,1000.5
2024-09-11T06:00,90,0.00,1000.2
2024-09-11T07:00,85,0.10,1001.7
2024-09-11T08:00,82,0.10,1001.5
2024-09-11T09:00,82,0.20,1002.2
2024-09-11T10:00,82,0.20,1001.6
2024-09-11T11:00,78,0.10,1000.5
2024-09-11T12:00,76,0.20,999.7
2024-09-11T13:00,76,0.20,998.3
2024-09-11T14:00,79,4.90,997.9
2024-09-11T15:00,83,2.00,998.1
2024-09-11T16:00,83,0.10,998.5
2024-09-11T17:00,88,0.00,999.6
2024-09-11T18:00,90,0.00,1000.2
2024-09-11T19:00,83,0.00,1000.6
2024-09-11T20:00,91,0.00,1001.6
2024-09-11T21:00,93,0.00,1002.4
2024-09-11T22:00,96,0.00,1002.4
2024-09-11T23:00,93,0.00,1001.5
2024-09-12T00:00,97,0.00,1001.2
2024-09-12T01:00,95,0.00,999.7
2024-09-12T02:00,97,0.00,1000.3
2024-09-12T03:00,93,4.70,1000.4
2024-09-12T04:00,96,0.50,1000.4
2024-09-12T05:00,96,0.00,1000.9
2024-09-12T06:00,94,0.10,1001.6
2024-09-12T07:00,94,0.30,1002.3
2024-09-12T08:00,88,0.20,1002.9
2024-09-12T09:00,83,0.00,1002.3
2024-09-12T10:00,80,0.20,1002.4
2024-09-12T11:00,81,0.60,1001.6
2024-09-12T12:00,82,7.80,1000.8
2024-09-12T13:00,92,3.60,999.5
2024-09-12T14:00,93,1.00,998.6
2024-09-12T15:00,90,0.40,998.6
2024-09-12T16:00,88,0.00,998.5
2024-09-12T17:00,93,0.00,998.9
2024-09-12T18:00,89,0.00,999.6
2024-09-12T19:00,91,0.00,1000.0
2024-09-12T20:00,92,0.00,1000.8
2024-09-12T21:00,94,0.00,1001.1
2024-09-12T22:00,94,0.00,1000.8
2024-09-12T23:00,94,0.00,1000.7
2024-09-13T00:00,94,0.00,999.6
2024-09-13T01:00,93,0.00,999.0
2024-09-13T02:00,94,0.00,998.8
2024-09-13T03:00,93,0.00,998.1
2024-09-13T04:00,93,0.00,998.7
2024-09-13T05:00,94,4.00,1000.0
2024-09-13T06:00,92,0.10,999.8
2024-09-13T07:00,94,0.20,1000.2
2024-09-13T08:00,89,0.20,1000.3
2024-09-13T09:00,86,0.00,1000.3
2024-09-13T10:00,81,0.30,1000.1
2024-09-13T11:00,84,1.70,999.4
2024-09-13T12:00,83,0.00,998.3
2024-09-13T13:00,78,0.00,996.8
2024-09-13T14:00,82,0.00,996.7
2024-09-13T15:00,81,0.00,995.8
2024-09-13T16:00,82,0.00,996.6
2024-09-13T17:00,85,0.00,997.6
2024-09-13T18:00,89,0.00,997.0
2024-09-13T19:00,92,2.60,997.9
2024-09-13T20:00,92,2.10,997.9
2024-09-13T21:00,97,4.80,998.5
2024-09-13T22:00,94,4.70,997.6
2024-09-13T23:00,96,5.30,997.9
2024-09-14T00:00,97,5.90,996.9
2024-09-14T01:00,97,4.50,995.7
2024-09-14T02:00,97,8.20,995.0
2024-09-14T03:00,97,23.30,994.9
2024-09-14T04:00,94,5.40,994.8
2024-09-14T05:00,94,2.70,994.9
2024-09-14T06:00,93,2.30,993.6
2024-09-14T07:00,94,4.40,993.7
2024-09-14T08:00,93,0.80,993.4
2024-09-14T09:00,93,3.10,992.5
2024-09-14T10:00,91,1.60,991.7
2024-09-14T11:00,88,0.50,990.5
2024-09-14T12:00,88,1.60,989.7
2024-09-14T13:00,89,2.80,989.2
2024-09-14T14:00,87,2.00,989.1
2024-09-14T15:00,92,2.20,989.4
2024-09-14T16:00,92,1.30,990.1
2024-09-14T17:00,93,0.60,990.9
2024-09-14T18:00,96,0.40,990.8
2024-09-14T19:00,96,0.10,991.4
2024-09-14T20:00,96,0.20,991.9
2024-09-14T21:00,98,0.50,991.9
2024-09-14T22:00,97,0.80,991.7
2024-09-14T23:00,97,2.50,991.2
2024-09-15T00:00,98,1.30,990.4
2024-09-15T01:00,97,1.00,989.5
2024-09-15T02:00,95,0.10,989.0
2024-09-15T03:00,95,0.70,989.0
2024-09-15T04:00,94,0.90,989.0
2024-09-15T05:00,94,0.30,989.4
2024-09-15T06:00,94,0.10,989.9
2024-09-15T07:00,94,0.30,990.7
2024-09-15T08:00,91,0.20,991.0
2024-09-15T09:00,88,0.10,991.3
2024-09-15T10:00,85,0.50,991.0
2024-09-15T11:00,88,0.60,990.1
2024-09-15T12:00,92,1.30,988.8
2024-09-15T13:00,91,0.70,988.2
2024-09-15T14:00,91,0.70,988.5
2024-09-15T15:00,90,0.50,989.1
2024-09-15T16:00,94,0.70,990.1
2024-09-15T17:00,94,1.50,991.2
2024-09-15T18:00,93,0.50,992.4
2024-09-15T19:00,93,0.50,993.3
2024-09-15T20:00,93,1.20,994.2
2024-09-15T21:00,93,3.30,995.0
2024-09-15T22:00,92,3.40,994.9
2024-09-15T23:00,92,3.80,994.6
2024-09-16T00:00,93,2.00,994.3
2024-09-16T01:00,93,3.00,993.9
2024-09-16T02:00,93,4.30,993.9
2024-09-16T03:00,92,2.40,994.3
2024-09-16T04:00,93,1.40,995.2
2024-09-16T05:00,92,0.60,996.4
2024-09-16T06:00,91,1.50,996.4
2024-09-16T07:00,92,0.80,997.8
2024-09-16T08:00,92,2.70,998.7
2024-09-16T09:00,92,3.50,999.7
2024-09-16T10:00,91,1.10,1000.1
2024-09-16T11:00,85,0.10,1000.0
2024-09-16T12:00,78,0.10,999.6
2024-09-16T13:00,74,0.60,998.7
2024-09-16T14:00,79,0.30,998.2
2024-09-16T15:00,79,0.20,998.3
2024-09-16T16:00,79,0.00,998.6
2024-09-16T17:00,80,0.00,999.3
2024-09-16T18:00,88,0.00,1000.3
2024-09-16T19:00,89,0.00,1001.0
2024-09-16T20:00,89,0.00,1001.7
2024-09-16T21:00,90,0.00,1002.2
2024-09-16T22:00,93,0.00,1002.5
2024-09-16T23:00,94,0.10,1002.7
2024-09-17T00:00,94,0.10,1002.4
2024-09-17T01:00,94,0.10,1002.2
2024-09-17T02:00,95,0.00,1002.1
2024-09-17T03:00,96,0.10,1002.4
2024-09-17T04:00,96,0.00,1002.6
2024-09-17T05:00,96,0.00,1003.3
2024-09-17T06:00,94,0.00,1004.1
2024-09-17T07:00,84,0.00,1004.7
2024-09-17T08:00,78,0.00,1005.1
2024-09-17T09:00,69,0.00,1005.3
2024-09-17T10:00,63,0.00,1005.2
2024-09-17T11:00,59,0.00,1004.4
2024-09-17T12:00,57,0.10,1003.2
2024-09-17T13:00,58,0.10,1001.5
2024-09-17T14:00,59,0.00,1000.5
2024-09-17T15:00,61,0.00,1000.4
2024-09-17T16:00,68,0.00,1000.3
2024-09-17T17:00,75,0.00,1000.9
2024-09-17T18:00,86,0.00,1002.0
2024-09-17T19:00,88,0.00,1002.8
2024-09-17T20:00,89,0.00,1003.8
2024-09-17T21:00,90,0.00,1004.1
2024-09-17T22:00,94,0.00,1004.2
2024-09-17T23:00,96,0.00,1004.1
2024-09-18T00:00,97,0.00,1004.2
2024-09-18T01:00,98,0.00,1003.9
2024-09-18T02:00,98,0.00,1003.4
2024-09-18T03:00,99,0.00,1003.1
2024-09-18T04:00,99,0.00,1003.0
2024-09-18T05:00,99,0.00,1003.4
2024-09-18T06:00,96,0.00,1004.0
2024-09-18T07:00,87,0.00,1004.5
2024-09-18T08:00,79,0.00,1005.0
2024-09-18T09:00,72,0.00,1004.9
2024-09-18T10:00,67,0.00,1004.4
2024-09-18T11:00,64,0.00,1003.7
2024-09-18T12:00,61,0.00,1002.4
2024-09-18T13:00,60,0.00,1001.1
2024-09-18T14:00,58,0.00,1000.4
2024-09-18T15:00,58,0.00,1000.1
2024-09-18T16:00,65,0.00,1000.3
2024-09-18T17:00,77,0.00,1000.8
2024-09-18T18:00,79,0.00,1001.6
2024-09-18T19:00,85,0.00,1002.3
2024-09-18T20:00,91,0.00,1002.9
2024-09-18T21:00,94,0.00,1003.2
2024-09-18T22:00,91,0.00,1003.3
2024-09-18T23:00,92,0.00,1003.2
2024-09-19T00:00,94,0.00,1002.8
2024-09-19T01:00,95,0.00,1002.4
2024-09-19T02:00,95,0.00,1002.5
2024-09-19T03:00,97,0.00,1002.4
2024-09-19T04:00,97,0.00,1002.8
2024-09-19T05:00,97,0.00,1003.3
2024-09-19T06:00,90,0.00,1003.9
2024-09-19T07:00,84,0.00,1004.3
2024-09-19T08:00,77,0.00,1004.8
2024-09-19T09:00,71,0.00,1004.8
2024-09-19T10:00,68,0.00,1004.3
2024-09-19T11:00,67,0.00,1003.4
2024-09-19T12:00,67,0.00,1002.2
2024-09-19T13:00,67,0.00,1001.3
2024-09-19T14:00,68,0.10,1000.5
2024-09-19T15:00,74,0.10,1000.1
2024-09-19T16:00,80,0.00,1000.2
2024-09-19T17:00,85,0.00,1000.7
2024-09-19T18:00,90,0.00,1000.6
2024-09-19T19:00,91,0.00,1001.6
2024-09-19T20:00,93,0.00,1002.4
2024-09-19T21:00,95,0.00,1003.0
2024-09-19T22:00,95,0.00,1003.1
2024-09-19T23:00,96,0.00,1002.8
2024-09-20T00:00,96,0.00,1002.6
2024-09-20T01:00,97,0.00,1002.1
2024-09-20T02:00,97,0.00,1001.7
2024-09-20T03:00,97,0.00,1001.6
2024-09-20T04:00,97,0.00,1001.7
2024-09-20T05:00,97,0.00,1002.2
2024-09-20T06:00,93,0.00,1003.0
2024-09-20T07:00,86,0.00,1003.7
2024-09-20T08:00,79,0.00,1004.1
2024-09-20T09:00,75,0.00,1004.2
2024-09-20T10:00,72,0.10,1003.9
2024-09-20T11:00,71,0.10,1003.2
2024-09-20T12:00,73,0.60,1002.5
2024-09-20T13:00,73,0.10,1001.2
2024-09-20T14:00,70,0.00,999.9
2024-09-20T15:00,68,0.00,999.5
2024-09-20T16:00,70,0.00,999.5
2024-09-20T17:00,84,0.00,999.9
2024-09-20T18:00,81,0.00,1000.7
2024-09-20T19:00,80,0.00,1001.6
2024-09-20T20:00,85,0.00,1003.1
2024-09-20T21:00,87,0.00,1003.6
2024-09-20T22:00,86,0.00,1003.9
2024-09-20T23:00,86,0.00,1003.7
2024-09-21T00:00,90,0.00,1003.1
2024-09-21T01:00,93,0.00,1003.1
2024-09-21T02:00,94,0.00,1003.1
2024-09-21T03:00,95,0.00,1002.9
2024-09-21T04:00,95,0.00,1002.6
2024-09-21T05:00,95,0.00,1003.4
2024-09-21T06:00,92,0.00,1004.2
2024-09-21T07:00,88,0.00,1005.1
2024-09-21T08:00,83,0.00,1005.5
2024-09-21T09:00,78,0.00,1005.5
2024-09-21T10:00,72,0.00,1005.0
2024-09-21T11:00,70,0.10,1004.1
2024-09-21T12:00,68,0.10,1003.0
2024-09-21T13:00,70,0.20,1001.7
2024-09-21T14:00,70,0.10,1000.4
2024-09-21T15:00,69,0.00,999.4
2024-09-21T16:00,73,0.00,999.5
2024-09-21T17:00,83,0.00,999.9
2024-09-21T18:00,85,0.00,1002.0
2024-09-21T19:00,88,3.20,1002.8
2024-09-21T20:00,91,0.00,1003.2
2024-09-21T21:00,84,0.00,1003.5
2024-09-21T22:00,88,0.00,1003.7
2024-09-21T23:00,87,0.00,1003.4
2024-09-22T00:00,90,0.00,1002.9
2024-09-22T01:00,89,1.90,1002.4
2024-09-22T02:00,92,0.20,1002.0
2024-09-22T03:00,92,0.00,1001.5
2024-09-22T04:00,95,0.00,1002.0
2024-09-22T05:00,95,0.00,1002.7
2024-09-22T06:00,94,0.00,1003.2
2024-09-22T07:00,89,0.00,1003.9
2024-09-22T08:00,84,0.00,1004.3
2024-09-22T09:00,75,0.00,1004.0
2024-09-22T10:00,69,0.00,1003.8
2024-09-22T11:00,65,0.00,1002.6
2024-09-22T12:00,64,0.00,1001.5
2024-09-22T13:00,63,0.00,1000.1
2024-09-22T14:00,65,0.00,998.7
2024-09-22T15:00,65,0.00,998.1
2024-09-22T16:00,69,0.00,998.3
2024-09-22T17:00,74,0.00,999.3
2024-09-22T18:00,84,0.00,999.7
2024-09-22T19:00,89,0.00,1000.6
2024-09-22T20:00,90,0.00,1001.4
2024-09-22T21:00,92,0.00,1001.9
2024-09-22T22:00,92,0.50,1002.3
2024-09-22T23:00,89,3.00,1002.3
2024-09-23T00:00,92,0.00,1001.4
2024-09-23T01:00,92,7.50,1001.2
2024-09-23T02:00,95,2.90,1001.5
2024-09-23T03:00,94,0.10,1001.3
2024-09-23T04:00,97,0.00,1000.9
2024-09-23T05:00,96,0.00,1001.4
2024-09-23T06:00,93,0.00,1003.0
2024-09-23T07:00,90,0.00,1003.5
2024-09-23T08:00,85,0.00,1003.8
2024-09-23T09:00,77,0.00,1003.4
2024-09-23T10:00,72,0.00,1003.3
2024-09-23T11:00,69,0.00,1002.2
2024-09-23T12:00,78,6.50,1001.5
2024-09-23T13:00,94,0.60,1000.2
2024-09-23T14:00,91,0.30,999.1
2024-09-23T15:00,91,2.40,999.6
2024-09-23T16:00,90,0.20,999.8
2024-09-23T17:00,89,2.40,1001.0
2024-09-23T18:00,92,0.00,1001.2
2024-09-23T19:00,94,0.00,1002.3
2024-09-23T20:00,93,0.00,1003.0
2024-09-23T21:00,92,0.00,1003.7
2024-09-23T22:00,91,0.00,1003.6
2024-09-23T23:00,96,0.00,1002.9
2024-09-24T00:00,96,0.00,1002.4
2024-09-24T01:00,97,0.00,1001.8
2024-09-24T02:00,98,0.00,1001.7
2024-09-24T03:00,98,0.00,1002.0
2024-09-24T04:00,97,0.00,1001.9
2024-09-24T05:00,94,0.00,1002.3
2024-09-24T06:00,92,0.60,1002.9
2024-09-24T07:00,87,0.10,1003.6
2024-09-24T08:00,83,0.10,1004.1
2024-09-24T09:00,81,0.20,1004.5
2024-09-24T10:00,79,0.30,1003.7
2024-09-24T11:00,81,1.20,1002.5
2024-09-24T12:00,84,10.70,1001.6
2024-09-24T13:00,86,0.50,1000.2
2024-09-24T14:00,81,0.20,999.3
2024-09-24T15:00,80,0.30,999.2
2024-09-24T16:00,83,0.20,999.7
2024-09-24T17:00,89,2.50,1000.7
2024-09-24T18:00,86,0.00,1001.3
2024-09-24T19:00,88,0.00,1002.1
2024-09-24T20:00,89,0.00,1003.0
2024-09-24T21:00,90,0.00,1003.0
2024-09-24T22:00,92,0.20,1003.2
2024-09-24T23:00,93,0.10,1002.9
2024-09-25T00:00,92,0.10,1002.4
2024-09-25T01:00,94,0.10,1001.7
2024-09-25T02:00,95,0.00,1001.6
2024-09-25T03:00,96,0.90,1001.6
2024-09-25T04:00,95,1.00,1001.8
2024-09-25T05:00,95,0.10,1002.3
2024-09-25T06:00,95,0.40,1003.4
2024-09-25T07:00,93,1.00,1004.3
2024-09-25T08:00,93,3.30,1004.4
2024-09-25T09:00,96,2.80,1004.7
2024-09-25T10:00,89,0.80,1004.4
2024-09-25T11:00,83,0.20,1003.6
2024-09-25T12:00,89,9.30,1002.8
2024-09-25T13:00,92,5.10,1001.7
2024-09-25T14:00,92,3.00,1001.5
2024-09-25T15:00,93,1.40,1001.3
2024-09-25T16:00,94,1.00,1001.5
2024-09-25T17:00,94,1.80,1002.5
2024-09-25T18:00,94,1.30,1003.1
2024-09-25T19:00,95,1.80,1003.9
2024-09-25T20:00,94,1.00,1004.6
2024-09-25T21:00,95,1.10,1004.9
2024-09-25T22:00,95,1.30,1004.8
2024-09-25T23:00,96,1.70,1004.7
2024-09-26T00:00,93,2.50,1004.5
2024-09-26T01:00,96,5.40,1004.1
2024-09-26T02:00,96,2.60,1004.1
2024-09-26T03:00,97,1.40,1003.9
2024-09-26T04:00,96,0.30,1004.0
2024-09-26T05:00,97,0.30,1004.4
2024-09-26T06:00,95,1.90,1004.8
2024-09-26T07:00,93,0.40,1006.2
2024-09-26T08:00,88,0.50,1006.8
2024-09-26T09:00,90,0.80,1007.4
2024-09-26T10:00,88,0.70,1007.2
2024-09-26T11:00,86,0.30,1006.6
2024-09-26T12:00,88,2.00,1005.5
2024-09-26T13:00,88,0.20,1004.6
2024-09-26T14:00,84,0.30,1003.6
2024-09-26T15:00,84,0.30,1003.7
2024-09-26T16:00,86,0.10,1004.2
2024-09-26T17:00,89,0.00,1005.1
2024-09-26T18:00,93,1.20,1006.4
2024-09-26T19:00,95,0.40,1007.5
2024-09-26T20:00,94,0.50,1007.7
2024-09-26T21:00,94,0.20,1008.0
2024-09-26T22:00,94,0.00,1008.0
2024-09-26T23:00,96,0.00,1007.6
2024-09-27T00:00,97,0.00,1007.2
2024-09-27T01:00,95,1.40,1006.8
2024-09-27T02:00,96,1.40,1006.8
2024-09-27T03:00,96,1.20,1006.3
2024-09-27T04:00,97,0.00,1006.4
2024-09-27T05:00,96,0.00,1007.0
2024-09-27T06:00,94,0.00,1007.4
2024-09-27T07:00,89,0.00,1008.5
2024-09-27T08:00,87,0.00,1009.0
2024-09-27T09:00,81,0.10,1009.1
2024-09-27T10:00,78,0.10,1009.2
2024-09-27T11:00,83,0.70,1008.4
2024-09-27T12:00,77,0.50,1006.7
2024-09-27T13:00,80,0.70,1006.0
2024-09-27T14:00,82,2.30,1005.3
2024-09-27T15:00,81,0.40,1005.1
2024-09-27T16:00,83,0.10,1005.3
2024-09-27T17:00,86,0.20,1006.7
2024-09-27T18:00,92,0.00,1007.0
2024-09-27T19:00,93,0.00,1007.9
2024-09-27T20:00,93,0.00,1008.4
2024-09-27T21:00,94,0.00,1008.4
2024-09-27T22:00,95,0.00,1007.9
2024-09-27T23:00,94,0.00,1007.7
2024-09-28T00:00,95,0.00,1007.4
2024-09-28T01:00,95,0.00,1007.1
2024-09-28T02:00,96,0.00,1006.8
2024-09-28T03:00,95,0.00,1006.7
2024-09-28T04:00,95,0.10,1006.7
2024-09-28T05:00,95,0.30,1007.6
2024-09-28T06:00,90,0.10,1008.2
2024-09-28T07:00,85,0.00,1009.1
2024-09-28T08:00,83,0.00,1009.8
2024-09-28T09:00,81,0.10,1009.8
2024-09-28T10:00,75,0.10,1009.3
2024-09-28T11:00,74,0.10,1008.4
2024-09-28T12:00,74,0.10,1007.1
2024-09-28T13:00,74,0.10,1005.7
2024-09-28T14:00,71,0.00,1004.4
2024-09-28T15:00,75,0.00,1004.5
2024-09-28T16:00,79,0.00,1005.4
2024-09-28T17:00,82,0.00,1006.4
2024-09-28T18:00,85,0.00,1006.4
2024-09-28T19:00,88,0.00,1007.4
2024-09-28T20:00,90,0.00,1008.1
2024-09-28T21:00,93,0.00,1008.1
2024-09-28T22:00,93,0.00,1008.0
2024-09-28T23:00,94,0.00,1007.6
2024-09-29T00:00,95,0.00,1007.2
2024-09-29T01:00,96,0.00,1006.5
2024-09-29T02:00,96,0.00,1006.3
2024-09-29T03:00,96,0.00,1006.5
2024-09-29T04:00,97,0.00,1006.8
2024-09-29T05:00,96,0.00,1007.2
2024-09-29T06:00,90,0.00,1007.9
2024-09-29T07:00,83,0.00,1008.7
2024-09-29T08:00,79,0.00,1009.1
2024-09-29T09:00,79,0.00,1009.0
2024-09-29T10:00,76,0.00,1008.4
2024-09-29T11:00,75,0.00,1007.3
2024-09-29T12:00,78,0.30,1006.5
2024-09-29T13:00,74,0.30,1005.5
2024-09-29T14:00,80,0.00,1004.9
2024-09-29T15:00,79,0.30,1004.7
2024-09-29T16:00,80,0.00,1004.9
2024-09-29T17:00,87,0.00,1005.2
2024-09-29T18:00,89,0.00,1006.0
2024-09-29T19:00,90,0.00,1006.8
2024-09-29T20:00,92,0.00,1007.8
2024-09-29T21:00,94,0.00,1007.9
2024-09-29T22:00,95,0.00,1007.7
2024-09-29T23:00,95,0.00,1007.2
2024-09-30T00:00,96,0.00,1006.5
2024-09-30T01:00,97,0.00,1006.1
2024-09-30T02:00,98,0.00,1006.0
2024-09-30T03:00,98,0.00,1006.0
2024-09-30T04:00,98,0.00,1006.2
2024-09-30T05:00,98,0.00,1006.8
2024-09-30T06:00,93,0.00,1007.5
2024-09-30T07:00,88,0.00,1008.1
2024-09-30T08:00,82,0.00,1008.3
2024-09-30T09:00,75,0.00,1008.3
2024-09-30T10:00,72,0.10,1007.9
2024-09-30T11:00,72,0.20,1006.6
2024-09-30T12:00,69,0.10,1005.1
2024-09-30T13:00,68,0.00,1003.6
2024-09-30T14:00,68,0.00,1002.5
2024-09-30T15:00,68,0.00,1002.1
2024-09-30T16:00,76,0.00,1002.5
2024-09-30T17:00,80,0.00,1002.9
2024-09-30T18:00,83,0.00,1004.0
2024-09-30T19:00,84,0.00,1004.9
2024-09-30T20:00,86,0.00,1005.4
2024-09-30T21:00,89,0.00,1005.4
2024-09-30T22:00,87,0.00,1005.1
2024-09-30T23:00,88,0.00,1004.8
